ID,Material/Polymer Name,Polymer Family,Healing Mechanism,External Stimulus Required,Healing Temp (°C),Healing Temp Notes,Healing Time (hrs),Healing Efficiency (%),Efficiency Measured Property,Tensile Strength (MPa),Elongation at Break (%),Flexibility Category,Application Area,Main Advantages,Main Limitations/Trade-offs,Supporting Evidence,Paper Title,Authors,Year,Journal,DOI/Link,Data Collector,Date Collected,Verification Status,Notes/Uncertainty Flags
EX01,PDMS-based Diels-Alder Vitrimer,Vitrimer (other),Diels-Alder Reaction,Heat,60,"Full recovery tested at 60°C, 24h",24,92,Tensile Strength,3.2,450,Highly Flexible/Elastomeric,Soft Robotics,Fully autonomous re-network at moderate heat; reprocessable multiple times,Requires external heat source; healing efficiency drops after 3rd damage cycle,"Table 2, Sample S3: 92% recovery of original tensile strength after 24h healing at 60°C (n=5)",Example Paper Title Here,"Example, A. et al.",2022,Example Journal,https://doi.org/10.xxxx/example,EX,2026-08-03,Verified,This is a sample row to show expected format — delete or overwrite before real use
P001,PEGMA-co-HEMA-UPy,Supramolecular Polymer,Hydrogen Bonding,Autonomous (Room Temp),25,Table 2 says RT; surrounding text specifies 25°C,0.0833,100,Tensile Strength,0.72,≥300,Highly Flexible/Elastomeric,Sensors,Approximately complete tensile-strength recovery and full conductivity restoration within five minutes at room temperature.,The review explicitly describes its mechanical strength as limited.,"Table 2: σ = 0.72 MPa, ε ≥300%, RT, 5 min, ~100% efficiency. Surrounding text says the full-cut copolymer restored tensile strength and conductivity within 5 min at 25°C.",Requirements for Achieving Self-Healing at Low/Room Temperature in Polymers,Kanyarat Mantala and Daniel Crespy,2025,Macromolecules,https://doi.org/10.1021/acs.macromol.5c01424,RS,2026-08-04,,
P002,poly(AM-co-MPEG),Other,Hydrogen Bonding,Autonomous (Room Temp),25,Also tested at −25°C,0.0083,90,Tensile Strength,0.24,1120,Highly Flexible/Elastomeric,Not Stated in Review,Heals extremely quickly at room temperature and also remains healable below freezing.,The review states that mechanical strength remained relatively limited.,"Table 2: σ = 0.24 MPa, ε = 1120%, RT and −25°C, 30 s and 10 min, ~90%.",Requirements for Achieving Self-Healing at Low/Room Temperature in Polymers,Kanyarat Mantala and Daniel Crespy,2025,Macromolecules,https://doi.org/10.1021/acs.macromol.5c01424,RS,2026-08-04,,Polymer Family: ionogel formed in a deep eutectic solvent
P003,poly(MAA-co-OEGMA),Hydrogel,Other,Autonomous (Room Temp),25,Table 2 says RT; surrounding text specifies 25°C,0.1333,100,Tensile Strength,3,520,Highly Flexible/Elastomeric,Not Stated in Review,Combines hydrogen bonding and dynamic imine exchange and reports approximately complete recovery in Table 2.,No separate practical limitation is explicitly stated for this exact Table 2 entry.,"Table 2: σ = 3.0 MPa, ε = 520%, RT, 8 min, ~100%.",Requirements for Achieving Self-Healing at Low/Room Temperature in Polymers,Kanyarat Mantala and Daniel Crespy,2025,Macromolecules,https://doi.org/10.1021/acs.macromol.5c01424,RS,2026-08-04,,Healing Mechanism: hydrogen bonding combined with imine/Schiff-base bonds
P004,poly(MAA-co-OEGMA)-BIFA,Hydrogel,Other,Heat,35,Review says moderately elevated temperature was required,0.1333,100,Tensile Strength,3.7,353,Highly Flexible/Elastomeric,Other,"High reported tensile strength and very rapid healing, with light-responsive actuation functionality.",The review states that moderately elevated temperature was required to initiate healing.,"Table 2: σ = 3.7 MPa, ε = 353%, 35°C, 8 min, 100%.",Requirements for Achieving Self-Healing at Low/Room Temperature in Polymers,Kanyarat Mantala and Daniel Crespy,2025,Macromolecules,https://doi.org/10.1021/acs.macromol.5c01424,RS,2026-08-04,,Healing Mechanism: hydrogen bonding combined with π–π stacking; Application Area: hydrogel actuator
P005,poly(etherimide) with fatty dimer diamine,Other,Other,Autonomous (Room Temp),25,Table 2 condition,264,100,Tensile Strength,6,470,Highly Flexible/Elastomeric,Not Stated in Review,Reports complete recovery at room temperature without intentionally introduced dynamic bonding motifs.,"Healing requires 11 days, which the review says is unsuitable for real-time applications.","Table 2: σ ~6 MPa, ε ~470%, 25°C, 11 days, 100%.",Requirements for Achieving Self-Healing at Low/Room Temperature in Polymers,Kanyarat Mantala and Daniel Crespy,2025,Macromolecules,https://doi.org/10.1021/acs.macromol.5c01424,RS,2026-08-04,,Polymer Family: branched polyetherimide; Healing Mechanism: polymer-chain interdiffusion
P006,brushed poly(urethane),Polyurethane,Hydrogen Bonding,Autonomous (Room Temp),36,The review defines room temperature as 20–36°C,3,69,Tensile Strength,10.5,660,Highly Flexible/Elastomeric,Not Stated in Review,Long aliphatic branches shorten healing from approximately 100 h for the shorter-branched formulation to 3 h.,"Recovery is incomplete at 69%, and the reported condition is 36°C.","Table 2: σ = 10.5 MPa, ε = 660%, 36°C, 3 h, 69%.",Requirements for Achieving Self-Healing at Low/Room Temperature in Polymers,Kanyarat Mantala and Daniel Crespy,2025,Macromolecules,https://doi.org/10.1021/acs.macromol.5c01424,RS,2026-08-04,,
P007,poly(ACMO-co-mPEG480),Elastomer,Hydrogen Bonding,Autonomous (Room Temp),25,Table 2 says RT; surrounding text specifies 25°C,0.0028,86,Tensile Strength,8.4,Not Reported,Highly Flexible/Elastomeric,Sensors,Recovers 86% in only ten seconds while retaining relatively high tensile strength.,The review says anisotropic chain orientation slightly reduced healing efficiency by restricting mobility.,"Table 2: σ ~8.4 MPa, RT, 10 s, 86%.",Requirements for Achieving Self-Healing at Low/Room Temperature in Polymers,Kanyarat Mantala and Daniel Crespy,2025,Macromolecules,https://doi.org/10.1021/acs.macromol.5c01424,RS,2026-08-04,,
P008,poly(ACMO-co-mPEG),Elastomer,Other,Autonomous (Room Temp),25,Table 2 says RT; surrounding text specifies 25°C,0.0083,95,Tensile Strength,12.7,250,Highly Flexible/Elastomeric,Soft Robotics,Combines approximately 12.7 MPa tensile strength with 95% healing in 30 seconds,Excessive Zn²⁺ loading of at least 5 wt% reduced healing efficiency because of restricted chain mobility.,"Table 2: σ = 12.7 MPa, ε = 250%, RT, 30 s, 95%.",Requirements for Achieving Self-Healing at Low/Room Temperature in Polymers,Kanyarat Mantala and Daniel Crespy,2025,Macromolecules,https://doi.org/10.1021/acs.macromol.5c01424,RS,2026-08-04,,Healing Mechanism: hydrogen bonding combined with Zn²⁺ metal–ligand coordination
P009,poly(ACMO-co-MPEG480),Elastomer,Hydrogen Bonding,Autonomous (Room Temp),25,Table 2 says RT; surrounding text specifies 25°C,0.0028,93,Tensile Strength,8.4,780,Highly Flexible/Elastomeric,Not Stated in Review,"Reports 93% recovery in ten seconds, 8.4 MPa tensile strength and 780% elongation.","The review states that phase sizes below 9 nm were not achieved, leaving their effect unresolved.","Table 2: σ = 8.4 MPa, ε = 780%, RT, 10 s, 93%.",Requirements for Achieving Self-Healing at Low/Room Temperature in Polymers,Kanyarat Mantala and Daniel Crespy,2025,Macromolecules,https://doi.org/10.1021/acs.macromol.5c01424,RS,2026-08-04,,
P010,PMMA/PEGA copolymer,Elastomer,Other,Autonomous (Room Temp),24,Exact temperature in Table 2; prose describes 25°C,24,98,Tensile Strength,18,"30,000",Highly Flexible/Elastomeric,Other,"Combines extreme reported stretchability, stiffness and fatigue resistance with 98% recovery.",Healing requires 24 h.,"Table 2: σ = 18 MPa, ε = 30,000%, 24°C, 24 h, 98%.",Requirements for Achieving Self-Healing at Low/Room Temperature in Polymers,Kanyarat Mantala and Daniel Crespy,2025,Macromolecules,https://doi.org/10.1021/acs.macromol.5c01424,RS,2026-08-04,,Healing Mechanism: Li⁺–O ion-dipole interactions combined with PMMA aggregation; Application Area: ligament-mimetic elastomer
P011,BHMT/TCDI hyperbranched polymer with thiocarbamate,Other,Hydrogen Bonding,Pressure/Mechanical,30,Normal force of 40 N was applied,1,98,Tensile Strength,15.3,2.8,Rigid,Not Stated in Review,High reported strength and 98% recovery within one hour.,Requires either a 40 N normal force or solvent assistance; therefore it is not fully autonomous under the entered condition.,"Table 2: σ = 15.3 MPa, ε ~2.8%, 30°C, 1 h, 98%.",Requirements for Achieving Self-Healing at Low/Room Temperature in Polymers,Kanyarat Mantala and Daniel Crespy,2025,Macromolecules,https://doi.org/10.1021/acs.macromol.5c01424,RS,2026-08-04,,Polymer Family: hyperbranched thiourea/thiocarbamate glassy polymer; 
P012,MBA/BDA hyperbranched polymer,Other,Hydrogen Bonding,Autonomous (Room Temp),25,Table 2 condition,48,76,Tensile Strength,13,9,Rigid,Not Stated in Review,Can begin autonomous repair rapidly and reaches 76% recovery without an external trigger.,"Recovery remains incomplete after 48 h, and the material has low elongation.","Table 2: σ ~13 MPa, ε ~9%, 25°C, 48 h, 76%.",Requirements for Achieving Self-Healing at Low/Room Temperature in Polymers,Kanyarat Mantala and Daniel Crespy,2025,Macromolecules,https://doi.org/10.1021/acs.macromol.5c01424,RS,2026-08-04,,Polymer Family: hyperbranched amide/amine glassy polymer
P013,PDES with polyphenol nanoassemblies,Composite,Other,No External Stimuli,20,Fully cut sample healed without external pressure or stimuli,6,86,Tensile Strength,30.6,300,Highly Flexible/Elastomeric,Not Stated in Review,Unusually high tensile strength while still achieving substantial healing at −20°C without external pressure or stimuli.,Requires 6 h at the entered subzero condition; no additional material-specific limitation is explicitly stated.,"Table 2: σ ~30.6 MPa, ε ~300%, −20°C, 6 h, 86%. The prose confirms ~86% tensile-strength recovery after 6 h at −20°C.",Requirements for Achieving Self-Healing at Low/Room Temperature in Polymers,Kanyarat Mantala and Daniel Crespy,2025,Macromolecules,https://doi.org/10.1021/acs.macromol.5c01424,RS,2026-08-04,,Healing Mechanism: hydrogen bonding combined with metal–ligand coordination; External Stimuli: No external stimulus — autonomous at subzero temperature; your dropdown has no exact option
P014,DCNC/PEDA hyperbranched epoxy vitrimer,Epoxy Vitrimer,Other,Autonomous (Room Temp),25,Table 2 condition; prose describes room temperature,12,96,Tensile Strength,36,51.3,Semi-Flexible,Not Stated in Review,"Reports 36 MPa original tensile strength and 96% recovery at room temperature, while retaining vitrimer recyclability.","Requires 12 h, and the tensile test described in the prose used partial-cut damage rather than complete separation.","Table 2: σ = 36 MPa, ε = 51.3%, 25°C, 12 h, 96%. The prose reports recovery to ~35 MPa after partial cutting.",Requirements for Achieving Self-Healing at Low/Room Temperature in Polymers,Kanyarat Mantala and Daniel Crespy,2025,Macromolecules,https://doi.org/10.1021/acs.macromol.5c01424,RS,2026-08-04,,Healing Mechanism: β-hydroxy ester exchange combined with hydrogen bonding and π–π stacking
P015,polyEGDA-polyBA star polymers,Other,Disulfide Exchange,Autonomous (Room Temp),25,Review explicitly says healing was studied at room temperature,N/A,100,Other,N/A,N/A,Semi-Flexible,Coatings,Complete reported healing at ambient conditions using reversible disulfide crosslinks.,Healing speed varies with cut width/depth; deep cuts heal less effectively.,Table 2 reports 100%; surrounding discussion says healing was judged when Young’s modulus at the cut matched virgin material.,Thiol- and Disulfide-Based Stimulus-Responsive Soft Materials and Self-Assembling Systems,Danielle M. Beaupre and Richard G. Weiss,2021,Molecules,https://doi.org/10.3390/molecules26113332,RS,2026-08-07,,Polymer Family: poly(acrylate)-based core-crosslinked star copolymer
P016,random PDMS-based co-polymer,Silicone/PDMS,Other,Autonomous (Room Temp),25,No heating listed; standardized RT assumption,4,95,Tensile Strength,0.14,2200,Highly Flexible/Elastomeric,Adhesives,"95% recovery, exceptionally high 2200% elongation, autonomous healing.",Very low tensile strength of 0.14 MPa.,"Table 2: 95%, 4 h, 0.14 MPa, 2200%.",Thiol- and Disulfide-Based Stimulus-Responsive Soft Materials and Self-Assembling Systems,Danielle M. Beaupre and Richard G. Weiss,2021,Molecules,https://doi.org/10.3390/molecules26113332,RS,2026-08-07,,Healing Mechanism: Disulfide Exchange + Imine/Schiff Base Bond
P017,PTMG-based dual-functionalized polyurethane,Polyurethane,Disulfide Exchange + Hydrogen Bonding,Heat,60,Explicitly reported,6,100,Tensile Strength,5.01,N/A,Highly Flexible/Elastomeric,Structural/Composite,Complete healing and 5.01 MPa strength; combines rapid H-bonding response with slower disulfide repair.,Requires 60°C for 6 h.,"Table 2: 100%, 60°C, 6 h, 5.01 MPa.",Thiol- and Disulfide-Based Stimulus-Responsive Soft Materials and Self-Assembling Systems,Danielle M. Beaupre and Richard G. Weiss,2021,Molecules,https://doi.org/10.3390/molecules26113332,RS,2026-08-07,,
P018,IP-SS co-polymerized with PTMG,Polyurethane,Disulfide Exchange,Autonomous (Room Temp),25,Explicitly reported,2,88.5,Other,6.8,920,Highly Flexible/Elastomeric,Structural/Composite,Strong room-temperature healing while retaining 6.8 MPa strength and 920% stretchability.,Efficiency varies by healing method.,"Table 2: 77–100%, 25°C, 2 h, 6.8 MPa, 920%.",Thiol- and Disulfide-Based Stimulus-Responsive Soft Materials and Self-Assembling Systems,Danielle M. Beaupre and Richard G. Weiss,2021,Molecules,https://doi.org/10.3390/molecules26113332,RS,2026-08-07,,
P019,"HM-SS: 4,4′-methylenebis(phenyl isocyanate)-based copolymer of PTMG",Polyurethane,Disulfide Exchange,Autonomous (Room Temp),25,Explicitly reported,2,79.5,Other,4.5,490,Highly Flexible/Elastomeric,Structural/Composite,Large strain at break and substantial room-temperature recovery.,Lower healing performance than IP-SS.,"Table 2: 70–89%, 25°C, 2 h, 4.5 MPa, 490%.",Thiol- and Disulfide-Based Stimulus-Responsive Soft Materials and Self-Assembling Systems,Danielle M. Beaupre and Richard G. Weiss,2021,Molecules,https://doi.org/10.3390/molecules26113332,RS,2026-08-07,,
P020,M-SS co-polymerized with PTMG,Polyurethane,Disulfide Exchange,Autonomous (Room Temp),25,Explicitly reported,2,2,Other,30.4,940,Highly Flexible/Elastomeric,Structural/Composite,"Very high pristine tensile strength, 30.4 MPa.",Extremely poor healing despite high stretchability; review attributes this to rigidity/packing.,"Table 2: 0–4%, 25°C, 2 h, 30.4 MPa, 940%.",Thiol- and Disulfide-Based Stimulus-Responsive Soft Materials and Self-Assembling Systems,Danielle M. Beaupre and Richard G. Weiss,2021,Molecules,https://doi.org/10.3390/molecules26113332,RS,2026-08-07,,
P021,H-SS co-polymerized with PTMG,Polyurethane,Disulfide Exchange,Autonomous (Room Temp),25,Explicitly reported,2,17,Other,9.5,750,Highly Flexible/Elastomeric,Structural/Composite,9.5 MPa strength and 750% elongation.,Only modest recovery because high packing restricts healing.,"Table 2: 4–30%, 25°C, 2 h, 9.5 MPa, 750%.",Thiol- and Disulfide-Based Stimulus-Responsive Soft Materials and Self-Assembling Systems,Danielle M. Beaupre and Richard G. Weiss,2021,Molecules,https://doi.org/10.3390/molecules26113332,RS,2026-08-07,,
P022,Copolymerized with 2-ethylhexyl methacrylate via disulfide linkages,Other,Disulfide Exchange,Autonomous (Room Temp),25,No external stimulus reported; standardized RT assumption,0.275,100,Other,N/A,N/A,Semi-Flexible,Coatings,Complete and relatively rapid ambient cut closure.,Healing speed depends strongly on cut geometry.,"Table 2: 100%, 3–30 min; footnote says healing is based on change in cut width.",Thiol- and Disulfide-Based Stimulus-Responsive Soft Materials and Self-Assembling Systems,Danielle M. Beaupre and Richard G. Weiss,2021,Molecules,https://doi.org/10.3390/molecules26113332,RS,2026-08-07,,Polymer Family: disulfide-linked methacrylate copolymer
P023,PTMG-containing shape-memory disulfide copolymer,Polyurethane,Disulfide Exchange + Shape Memory,Heat,100,Microwave Heating,0.1667,82.5,Tensile Strength,27.4,1005,Highly Flexible/Elastomeric,Structural/Composite,"High strength, huge stretchability and strong shape-memory-assisted recovery.",Needs 100°C microwave heating; properties depend on disulfide content.,"Table 2: 74–91%, 10 min, 22.9–31.9 MPa, 850–1160%.",Thiol- and Disulfide-Based Stimulus-Responsive Soft Materials and Self-Assembling Systems,Danielle M. Beaupre and Richard G. Weiss,2021,Molecules,https://doi.org/10.3390/molecules26113332,RS,2026-08-07,,Healing Mechanism: Disulfide Exchange + Shape Memory
P024,Disulfide-liquid crystal elastomer — thermal healing,Elastomer,Disulfide Exchange + Shape Memory,Heat,180,Explicit thermal-healing condition,3,20,Tensile Strength,0.0675,350,Highly Flexible/Elastomeric,Soft Robotics,Can heal through thermal shape-memory/disulfide response.,Requires very high 180°C and recovers only 20% after 3 h.,"Table 2: 180°C, 20%, 3 h, tensile strength 0.015–0.12 MPa, 350% strain.",Thiol- and Disulfide-Based Stimulus-Responsive Soft Materials and Self-Assembling Systems,Danielle M. Beaupre and Richard G. Weiss,2021,Molecules,https://doi.org/10.3390/molecules26113332,RS,2026-08-07,,
P025,Disulfide-liquid crystal elastomer — UV healing,Elastomer,Disulfide Exchange + Shape Memory,Light/UV,25,Review reports RT + UV; RT standardized to 25°C,3,24,Tensile Strength,0.0675,350,Highly Flexible/Elastomeric,Soft Robotics,Same material also responds to UV at ambient temperature.,Only 24% recovery after 3 h.,"Table 2: RT + UV, 24%, 3 h, 0.015–0.12 MPa, 350%.",Thiol- and Disulfide-Based Stimulus-Responsive Soft Materials and Self-Assembling Systems,Danielle M. Beaupre and Richard G. Weiss,2021,Molecules,https://doi.org/10.3390/molecules26113332,RS,2026-08-07,,
P026,Thiuram-disulfide-crosslinked polytetra(ethylene glycol),Elastomer,Disulfide Exchange,Light/UV,25,"Table-top lamp; no heating reported, so ambient standardized to 25°C",0.0167,92,Tensile Strength,4.2,200,Highly Flexible/Elastomeric,Coatings,Very fast healing—1 minute—with good 4.2 MPa strength.,Requires light exposure.,"Table 2: table-top lamp, 87–97%, 1 min, 4.2 MPa, 200%.",Thiol- and Disulfide-Based Stimulus-Responsive Soft Materials and Self-Assembling Systems,Danielle M. Beaupre and Richard G. Weiss,2021,Molecules,https://doi.org/10.3390/molecules26113332,RS,2026-08-07,,
P027,PU incorporating BiTEMPS,Polyurethane,Disulfide Exchange,Heat,100,Explicitly reported,24,89.5,Tensile Strength,0.14,440,Highly Flexible/Elastomeric,Structural/Composite,High recovery and 440% elongation.,Requires 100°C for 24 h and pristine strength is only 0.14 MPa.,"Table 2: 86–93%, 100°C, 24 h, 0.14 MPa, 440%.",Thiol- and Disulfide-Based Stimulus-Responsive Soft Materials and Self-Assembling Systems,Danielle M. Beaupre and Richard G. Weiss,2021,Molecules,https://doi.org/10.3390/molecules26113332,RS,2026-08-07,,
P028,poly(hexyl methacrylate) incorporating BiTEMPS,BiTEMPS-containing polymethacrylate,Disulfide Exchange,Multiple Stimuli,120,120°C + 70 kPa pressure,24,88.5,Tensile Strength,7.6,280,Highly Flexible/Elastomeric,Structural/Composite,7.6 MPa strength with substantial healing and flexibility.,Requires both high temperature and pressure for 24 h.,"Table 2: 120°C + 70 kPa, 85–92%, 24 h, 7.6 MPa, strain 280.",Thiol- and Disulfide-Based Stimulus-Responsive Soft Materials and Self-Assembling Systems,Danielle M. Beaupre and Richard G. Weiss,2021,Molecules,https://doi.org/10.3390/molecules26113332,RS,2026-08-07,,
P029,Recyclable polyurethane nanocomposites,Composite,Diels-Alder Reaction,Heat,90,"90°C for 5 min, then 65°C for 48 h",48.0833,90,Tensile Strength,40.07,N/A,Semi-Flexible,Structural/Composite,Very high strength with >90% healing.,"Long, multi-stage thermal treatment.","Table 1, ref. 64: 40.07 ± 2.86 MPa; >90%; 90°C 5 min then 65°C 48 h.",Progress and challenges in self-healing composite materials,Shafiqul Islam; Gajanan Bhat,2021,Materials Advances,https://doi.org/10.1039/D0MA00873G ,RS,2026-08-11,,
P030,Recyclable polyurethane composites,Composite,Diels-Alder Reaction,Multiple Stimuli,120,NIR 30 s → 120°C 2 h → 80°C 24 h,26.0083,93.1,Tensile Strength,24,N/A,Semi-Flexible,Structural/Composite,24 MPa strength and 93.1% recovery; NIR-responsive.,Complex multi-stage NIR/thermal healing.,"Table 1, ref. 65: 24 MPa; 93.1%; NIR + 120°C + 80°C sequence.",Progress and challenges in self-healing composite materials,Shafiqul Islam; Gajanan Bhat,2021,Materials Advances,https://doi.org/10.1039/D0MA00873G ,RS,2026-08-11,,
P031,Non-isocyanate polyurethanes,Polyurethane,Diels-Alder Reaction,Heat,120,"120°C 30 min, then 60°C 24 h",24.5,100,Tensile Strength,2.2,N/A,Highly Flexible/Elastomeric,Structural/Composite,Complete recovery.,Requires 24.5 h total thermal treatment.,"Table 1, ref. 66: 2.2 MPa; 100%.",Progress and challenges in self-healing composite materials,Shafiqul Islam; Gajanan Bhat,2021,Materials Advances,https://doi.org/10.1039/D0MA00873G ,RS,2026-08-11,,
P032,Dihydroxyl-coumarin-based polyurethane,Polyurethane,photochemical [2+2] cycloaddition,Light/UV,25,254 nm UV followed by 350 nm UV; ambient temperature assumed,2,64.4,Tensile Strength,3.5,N/A,Highly Flexible/Elastomeric,photoreactive self-healing polyurethane,Light-controlled healing at ambient conditions.,Only 64.4% tensile recovery and ≥2 h irradiation.,"Table 1, ref. 50: 3.5 MPa; 64.4% tensile-strength recovery.",Progress and challenges in self-healing composite materials,Shafiqul Islam; Gajanan Bhat,2021,Materials Advances,https://doi.org/10.1039/D0MA00873G ,RS,2026-08-11,,
P033,Waterborne polyurethane,Polyurethane,Disulfide Exchange,Autonomous (Room Temp),25,RT standardized to 25°C,24,95.18,Tensile Strength,18.5,N/A,Highly Flexible/Elastomeric,Coatings,Strong room-temperature healing; waterborne processing.,Requires 24 h.,"Table 1, ref. 71: 12–25 MPa; 95.18%; RT 24 h.",Progress and challenges in self-healing composite materials,Shafiqul Islam; Gajanan Bhat,2021,Materials Advances,https://doi.org/10.1039/D0MA00873G ,RS,2026-08-11,,
P034,Al₂O₃/polyurethane-acrylic superamphiphobic coating,Composite,Disulfide Exchange,Heat,80,80°C for 90 min,1.5,100,Scratch Removal,14.65,N/A,Semi-Flexible,Coatings,Nearly complete scratch removal and relatively high strength.,Requires 80°C.,"Table 1, ref. 72: 12.8–16.5 MPa; almost 100% scratch removal.",Progress and challenges in self-healing composite materials,Shafiqul Islam; Gajanan Bhat,2021,Materials Advances,https://doi.org/10.1039/D0MA00873G ,RS,2026-08-11,,
P035,Polydimethylsiloxane–polyurethane,Polyurethane,Disulfide Exchange,Heat,120,Explicitly reported,12,97,Tensile Strength,3.31,N/A,Highly Flexible/Elastomeric,Structural/Composite,97% recovery in PDMS-modified polyurethane.,Requires 120°C for 12 h.,"Table 1, ref. 73: 3.31 MPa; 97%.",Progress and challenges in self-healing composite materials,Shafiqul Islam; Gajanan Bhat,2021,Materials Advances,https://doi.org/10.1039/D0MA00873G ,RS,2026-08-11,,
P036,Dipropyl/dibutyl-disulfide thermoset rubber,Elastomer,disulfide–thiol exchange,Autonomous (Room Temp),25,RT standardized to 25°C,24,99,Tensile Strength,0.32,N/A,Highly Flexible/Elastomeric,Structural/Composite,Up to 99% autonomous room-temperature healing.,"Very low tensile strength, 0.32 MPa.","Table 1, ref. 74: 320 kPa; up to 99%; RT 24 h.",Progress and challenges in self-healing composite materials,Shafiqul Islam; Gajanan Bhat,2021,Materials Advances,https://doi.org/10.1039/D0MA00873G ,RS,2026-08-11,,
P037,Isocyanate-based crosslinked star-shaped polyglycolide network,Crosslinked Polyglycolide Network ,Transesterification,Heat,140,Paper reports 120–160°C; midpoint entered,0.1667,70,Tensile Strength,10,N/A,Semi-Flexible,Structural/Composite,Short 10-min healing time.,Requires 120–160°C and only 70% recovery.,"Table 1, ref. 78: 10 MPa; 70%.",Progress and challenges in self-healing composite materials,Shafiqul Islam; Gajanan Bhat,2021,Materials Advances,https://doi.org/10.1039/D0MA00873G ,RS,2026-08-11,,
P038,Bentonite/natural-rubber composite,Composite,Transesterification,Heat,150,Explicitly reported,3,96,Tensile Strength,4.5,N/A,Highly Flexible/Elastomeric,Structural/Composite,96% healing with rubber-like flexibility.,Requires 150°C for 3 h.,"Table 1, ref. 80: 4.5 MPa; 96%.",Progress and challenges in self-healing composite materials,Shafiqul Islam; Gajanan Bhat,2021,Materials Advances,https://doi.org/10.1039/D0MA00873G ,RS,2026-08-11,,
P039,CNT-embedded self-healing elastomer actuator,Composite,Hydrogen Bonding,Light/UV,66,NIR irradiation; paper reports 66°C,0.00056,87.68,Toughness,12.52,N/A,Highly Flexible/Elastomeric,Soft Robotics,Extremely rapid — only 2 s — and retains 12.52 MPa strength.,Requires NIR irradiation/heating.,"Table 2, ref. 106: 12.52 MPa; 87.68% toughness recovery; 99.50% actuating recovery.",Progress and challenges in self-healing composite materials,Shafiqul Islam; Gajanan Bhat,2021,Materials Advances,https://doi.org/10.1039/D0MA00873G ,RS,2026-08-11,,
P040,Epoxidized natural rubber/nanochitin/carboxymethyl-chitosan/CNT composite,Composite,Hydrogen Bonding,Autonomous (Room Temp),25,RT standardized to 25°C,24,91,Tensile Strength,3.5,N/A,Highly Flexible/Elastomeric,Sensors,91% recovery autonomously at RT.,Requires 24 h.,"Table 2, ref. 109: 3.5 MPa; 91%.",Progress and challenges in self-healing composite materials,Shafiqul Islam; Gajanan Bhat,2021,Materials Advances,https://doi.org/10.1039/D0MA00873G ,RS,2026-08-11,,
P041,Polyurethane elastomer/polypropylene glycol,Polyurethane,Hydrogen Bonding,Heat,45,Explicitly Reported,2,79.85,Tensile Strength,33.6,N/A,Highly Flexible/Elastomeric,Structural/Composite,"Very high reported tensile strength, up to 33.6 MPa.",79.85% recovery and requires 45°C.,"Table 2, ref. 110.",Progress and challenges in self-healing composite materials,Shafiqul Islam; Gajanan Bhat,2021,Materials Advances,https://doi.org/10.1039/D0MA00873G ,RS,2026-08-11,,
P042,Acrylamide/hydrophobic-acrylic-monomer hydrogel,Hydrogel,Metal-Ligand Coordination,Autonomous (Room Temp),25,RT standardized to 25°C,0.1667,100,Tensile Strength,0.05134,N/A,Highly Flexible/Elastomeric,Soft Robotics,Full stress recovery in only 10 min at RT.,Very low strength.,"Table 2, ref. 111: 51.34 kPa; 100% stress recovery, 90% energy recovery.",Progress and challenges in self-healing composite materials,Shafiqul Islam; Gajanan Bhat,2021,Materials Advances,https://doi.org/10.1039/D0MA00873G ,RS,2026-08-11,,
P043,CNT/silver-coated methyl vinyl silicone rubber,Silicone/PDMS,Metal-Ligand Coordination,Heat,120,Explicitly reported,84,87.5,Tensile Strength,0.13,N/A,Highly Flexible/Elastomeric,Sensors,Silicone rubber system with substantial healing.,Very slow: 84 h at 120°C.,"Table 2, ref. 112: 130 kPa; 84–91%.",Progress and challenges in self-healing composite materials,Shafiqul Islam; Gajanan Bhat,2021,Materials Advances,https://doi.org/10.1039/D0MA00873G ,RS,2026-08-11,,
P044,Cyclometalated Pt(II)/PDMS polymer,Silicone/PDMS,π–π interactions,Autonomous (Room Temp),25,RT standardized to 25°C,12,100,Tensile Strength,0.3,N/A,Highly Flexible/Elastomeric,Wearable Electronics,Nearly complete RT healing in PDMS.,Low tensile strength of 0.30 MPa.,"Table 2, ref. 116: 300 kPa; almost 100%.",Progress and challenges in self-healing composite materials,Shafiqul Islam; Gajanan Bhat,2021,Materials Advances,https://doi.org/10.1039/D0MA00873G ,RS,2026-08-11,,
P045,Pyrene-containing PCL/SWCNT network,Composite,π–π interactions,Light/UV,25,NIR light; no numerical temperature reported,2,100,Scratch Removal,26.5,N/A,Semi-Flexible,Sensors,High-strength NIR-responsive network and complete scratch closure.,Requires 2 h NIR exposure.,"Table 2, ref. 118: 21–32 MPa; scratch completely removed.",Progress and challenges in self-healing composite materials,Shafiqul Islam; Gajanan Bhat,2021,Materials Advances,https://doi.org/10.1039/D0MA00873G ,RS,2026-08-11,,
P046,Azobenzene-containing liquid-crystalline polyester,Other,π–π interactions,Heat,60,Explicitly reported,5,73.5,Tensile Strength,12.8,N/A,Semi-Flexible,Soft Robotics,12.8 MPa strength with thermal healing.,Only 73.5% efficiency after 5 h.,"Table 2, ref. 119.",Progress and challenges in self-healing composite materials,Shafiqul Islam; Gajanan Bhat,2021,Materials Advances,https://doi.org/10.1039/D0MA00873G ,RS,2026-08-11,,
P047,Natural-rubber-based carboxylate ionomer,Elastomer,Ionic Interaction,Heat,80,Explicitly reported,2,75,Tensile Strength,2.7,N/A,Highly Flexible/Elastomeric,Structural/Composite,Rubber-like material with ionic reversible network.,Requires 80°C and gives 75% recovery.,"Table 2, ref. 121: 2.7 MPa; 75%.",Progress and challenges in self-healing composite materials,Shafiqul Islam; Gajanan Bhat,2021,Materials Advances,https://doi.org/10.1039/D0MA00873G ,RS,2026-08-11,,
P048,Ionomeric carboxylated styrene–butadiene polymer,Elastomer,Ionic Interaction,Heat,100,Explicitly reported,3,68,Tensile Strength,5.2,N/A,Highly Flexible/Elastomeric,Structural/Composite,Moderate strength ionomeric elastomer.,68% efficiency; requires 100°C.,"Table 2, ref. 123: 5.2 MPa; 68%.",Progress and challenges in self-healing composite materials,Shafiqul Islam; Gajanan Bhat,2021,Materials Advances,https://doi.org/10.1039/D0MA00873G ,RS,2026-08-11,,
P049,Cyclodextrin/adamantane supramolecular polymer,Supramolecular Polymer,Host–Guest interaction,Heat,60,Explicitly reported,0.1667,71,Tensile Strength,5.25,N/A,Highly Flexible/Elastomeric,Soft Robotics,Fast 10-min host–guest healing.,Moderate 70–72% recovery.,"Table 2, ref. 125: 2.5–8 MPa; 70–72%.",Progress and challenges in self-healing composite materials,Shafiqul Islam; Gajanan Bhat,2021,Materials Advances,https://doi.org/10.1039/D0MA00873G ,RS,2026-08-11,,
P050,HDI/tetraethylene-glycol thermoplastic polyurethane,Polyurethane,Host–Guest interaction,Heat,80,Explicitly reported,0.1167,87,Tensile Strength,11,N/A,Highly Flexible/Elastomeric,Structural/Composite,11 MPa TPU with 87% recovery in only 7 min.,Requires 80°C.,"Table 2, ref. 126.",Progress and challenges in self-healing composite materials,Shafiqul Islam; Gajanan Bhat,2021,Materials Advances,https://doi.org/10.1039/D0MA00873G ,RS,2026-08-11,,
P051,Poly(vinyl alcohol)-graft-poly(ε-caprolactone),Other,Disulfide Exchange + Hydrogen Bonding,Heat,90,Explicitly reported,12,94,Tensile Strength,20,N/A,Highly Flexible/Elastomeric,Structural/Composite,High 20 MPa strength and 94% healing.,Requires 90°C for 12 h.,"Table 2, ref. 131.",Progress and challenges in self-healing composite materials,Shafiqul Islam; Gajanan Bhat,2021,Materials Advances,https://doi.org/10.1039/D0MA00873G ,RS,2026-08-11,,
P052,Epoxy resin/cyclic-olefin copolymer blend,Composite,Polymer-chain diffusion,Heat,190,Explicitly reported,1,89,Tensile Strength,27.5,N/A,Rigid,Structural/Composite,High-strength polymer blend.,Very high 190°C healing temperature.,"Table 3, ref. 165: 20–35 MPa; 89%; 190°C 1 h.",Progress and challenges in self-healing composite materials,Shafiqul Islam; Gajanan Bhat,2021,Materials Advances,https://doi.org/10.1039/D0MA00873G ,RS,2026-08-11,,
P053,PU elastomer/low-melting polycaprolactone blend,Composite,Shape-memory-assisted healing,Heat,90,Explicitly reported,0.5,100,Tensile Strength,37.2,N/A,Highly Flexible/Elastomeric,Structural/Composite,Excellent 37.2 MPa strength and complete healing.,Requires 90°C.,"Table 3, ref. 167: 37.2 MPa; 100%; 30 min.",Progress and challenges in self-healing composite materials,Shafiqul Islam; Gajanan Bhat,2021,Materials Advances,https://doi.org/10.1039/D0MA00873G ,RS,2026-08-11,,
P054,Polycaprolactone/polyfurfuryl-methacrylate,Other,Shape-memory-assisted healing,Heat,120,Explicitly reported,0.25,75.1,Tensile Strength,13,N/A,Semi-Flexible,Structural/Composite,Short 15-min healing time.,Requires 120°C; 75.1% recovery.,"Table 3, ref. 168: 13 MPa; 75.1%.",Progress and challenges in self-healing composite materials,Shafiqul Islam; Gajanan Bhat,2021,Materials Advances,https://doi.org/10.1039/D0MA00873G ,RS,2026-08-11,,
P055,GO/thermoset-polyurethane composite,Composite,Shape-memory-assisted healing,Light/UV,25,NIR 2.5 W cm⁻²; starting ambient temperature assumed,0.5,85,Tensile Strength,16.6,N/A,Semi-Flexible,Structural/Composite,Remote NIR-triggered healing and 16.6 MPa strength.,Requires 30 min NIR exposure.,"Table 3, ref. 169: 16.6 MPa; 85%",Progress and challenges in self-healing composite materials,Shafiqul Islam; Gajanan Bhat,2021,Materials Advances,https://doi.org/10.1039/D0MA00873G ,RS,2026-08-11,,
P056,Epoxy/PCL copolymer cured with cashew-nut-shell material,Composite,Shape-memory-assisted healing,Heat,80,Explicitly reported,4,93.7,Tensile Strength,12.52,N/A,Rigid,Structural/Composite,93.7% recovery.,Requires 4 h at 80°C.,"Table 3, ref. 171: 12.52 MPa; 93.7%.",Progress and challenges in self-healing composite materials,Shafiqul Islam; Gajanan Bhat,2021,Materials Advances,https://doi.org/10.1039/D0MA00873G ,RS,2026-08-11,,
P057,Boron-nitride/epoxy composite,Composite,Shape-memory-assisted healing,Heat,140,Explicitly reported,2,100,Tensile Strength,55,N/A,Rigid,Structural/Composite,Extremely high 55 MPa strength and nearly complete recovery.,Requires 140°C for 2 h.,"Table 3, ref. 172: 55 MPa; almost 100%.",Progress and challenges in self-healing composite materials,Shafiqul Islam; Gajanan Bhat,2021,Materials Advances,https://doi.org/10.1039/D0MA00873G ,RS,2026-08-11,,
P058,PEG/PCL/UPy supramolecular shape-memory polymer,Supramolecular Polymer,Remote Healing,Multiple Stimuli,70,70°C 10 min + 365 nm light 1 min,0.1833,86,Tensile Strength,7.2,N/A,Highly Flexible/Elastomeric,Soft Robotics,"Combines shape memory, supramolecular healing, heat and light responsiveness.",Requires two stimuli.,"Table 3, ref. 173: 7.2 MPa; 86%.",Progress and challenges in self-healing composite materials,Shafiqul Islam; Gajanan Bhat,2021,Materials Advances,https://doi.org/10.1039/D0MA00873G ,RS,2026-08-11,,
P059,PVA/agarose/chitosan/glycerin triple-network hydrogel,Hydrogel,Remote Healing,Autonomous (Room Temp),25,RT standardized to 25°C,0.0167,100,Tensile Strength,10.21,N/A,Highly Flexible/Elastomeric,Sensors,Full recovery in only 1 min at RT with 10.21 MPa strength.,Complex four-component triple-network formulation.,"Table 3, ref. 174: 10.21 MPa; 100%.",Progress and challenges in self-healing composite materials,Shafiqul Islam; Gajanan Bhat,2021,Materials Advances,https://doi.org/10.1039/D0MA00873G ,RS,2026-08-11,,
P060,Polyurethane/CNT nanocomposite — thermal condition,Composite,Remote Healing,Heat,80,Thermal-healing condition,24,91.1,Tensile Strength,3.64,N/A,Semi-Flexible,Structural/Composite,91.1% thermal recovery.,Requires 80°C for 24 h.,"Table 3, ref. 175: 3.64 MPa; 91.1% heat condition.",Progress and challenges in self-healing composite materials,Shafiqul Islam; Gajanan Bhat,2021,Materials Advances,https://doi.org/10.1039/D0MA00873G ,RS,2026-08-11,,
P061,Polyurethane/CNT nanocomposite — NIR condition,Composite,Remote Healing,Light/UV,25,NIR irradiation; numerical sample temperature not reported,0.0167,84.9,Tensile Strength,3.64,N/A,Semi-Flexible,Structural/Composite,Remote NIR healing in only 1 min.,Slightly lower 84.9% recovery.,"Table 3, ref. 175: 3.64 MPa; 84.9% NIR condition.",Progress and challenges in self-healing composite materials,Shafiqul Islam; Gajanan Bhat,2021,Materials Advances,https://doi.org/10.1039/D0MA00873G ,RS,2026-08-11,,
P062,BIIR modified with 1-hexylimidazole,Elastomer,Ionic Interaction,Multiple Stimuli,70,Heated while cut surfaces were pressed together with 0.1 mm compression,16,74,Tensile Strength,10.7,1040,Highly Flexible/Elastomeric,Tire/automotive elastomer,Excellent combination of 10.7 MPa strength and 1040% elongation; strong recovery of both properties.,Slow 16 h healing and requires heat/compression.,"Page 16 + Table 1: 74% tensile recovery, 98% elongation recovery; 10.7 MPa; 1040%.",Self-healing elastomers based on conjugated diolefins: a review,Prasanta Kumar Behera; Subhra Mohanty; Virendra Kumar Gupta,2021,Polymer Chemistry,https://doi.org/10.1039/D0PY01458C,RS,2026-08-21,,
P063,Fe³⁺/PDA-ENR elastomer,Elastomer,Metal-Ligand Coordination,Heat,50,Catechol–Fe³⁺ reversible coordination,12,89.3,Tensile Strength,2,N/A,Highly Flexible/Elastomeric,Tire/automotive elastomer,Good 89.3% healing; also remains healable at subzero temperature.,Only 2 MPa tensile strength and requires 12 h at 50°C,"Pages 10–11: 2 MPa, 89.3 ± 3.6% after 50°C/12 h; ~80% after 12 h at −10°C.",Self-healing elastomers based on conjugated diolefins: a review,Prasanta Kumar Behera; Subhra Mohanty; Virendra Kumar Gupta,2021,Polymer Chemistry,https://doi.org/10.1039/D0PY01458C,RS,2026-08-21,,
P064,ENR-Zn/His-CNC blend,Composite,Metal-Ligand Coordination,Autonomous (Room Temp),25,Review reports RT; standardized to 25°C,0.0333,107.17,Tensile Strength,1,N/A,Highly Flexible/Elastomeric,Tire/automotive elastomer,Extremely fast 2 min autonomous healing and >100% first-cycle recovery.,Low tensile strength of 1 MPa; recovery decreases over repeated cycles.,"Page 11 + Table 1: 107.17%, 95.43%, 88.65% for cycles 1–3; 1 MPa; RT/2 min.",Self-healing elastomers based on conjugated diolefins: a review,Prasanta Kumar Behera; Subhra Mohanty; Virendra Kumar Gupta,2021,Polymer Chemistry,https://doi.org/10.1039/D0PY01458C,RS,2026-08-21,,
P065,Zn–triazole/H-bond dual-dynamic polyisoprene,Elastomer,Hydrogen Bonding + Metal-Ligand Coordination,Heat,80,Multiple H-bonds plus Zn–triazole coordination,24,74,Tensile Strength,21,N/A,Highly Flexible/Elastomeric,Tire/automotive elastomer,"21 MPa tensile strength, much higher than most self-healing elastomers in this review.",Requires 80°C for 24 h and only 74% recovery.,"Page 12: original 21 MPa, healed 15.5 MPa, ~74% recovery after 80°C/24 h.",Self-healing elastomers based on conjugated diolefins: a review,Prasanta Kumar Behera; Subhra Mohanty; Virendra Kumar Gupta,2021,Polymer Chemistry,https://doi.org/10.1039/D0PY01458C,RS,2026-08-21,,
P066,DA-crosslinked polysiloxane elastomer,Silicone/PDMS,Diels-Alder Reaction,Heat,80,DA crosslinks reform during thermal treatment,12,90,Tensile Strength,0.059,N/A,Highly Flexible/Elastomeric,Other,>90% healing over repeated cycles; reversible DA chemistry also enables reprocessing.,Very low tensile strength of 0.059 MPa.,"Page 20: 0.059 MPa, >90% after 80°C/12 h even after three healing cycles.",Self-healing elastomers based on conjugated diolefins: a review,Prasanta Kumar Behera; Subhra Mohanty; Virendra Kumar Gupta,2021,Polymer Chemistry,https://doi.org/10.1039/D0PY01458C,RS,2026-08-21,,
P067,35 wt% graphene/DA-crosslinked polysiloxane nanocomposite,Composite,Diels-Alder Reaction,Heat,80,Graphene-reinforced DA polysiloxane,12,90,Tensile Strength,1.062,N/A,Highly Flexible/Elastomeric,Other,Graphene increases tensile strength 18-fold without sacrificing healing.,Still relatively low absolute strength; elongation not reported.,Page 20: 35 wt% graphene produces 18-fold tensile-strength increase while maintaining >90% healing.,Self-healing elastomers based on conjugated diolefins: a review,Prasanta Kumar Behera; Subhra Mohanty; Virendra Kumar Gupta,2021,Polymer Chemistry,https://doi.org/10.1039/D0PY01458C,RS,2026-08-21,,
P068,"Aromatic-disulfide/H-bond PU, ref. 44",Polyurethane,Disulfide Exchange + Hydrogen Bonding,Heat,85,Explicitly reported,1,71.5,Tensile Strength,75.8,852,Highly Flexible/Elastomeric,Other,Exceptional 75.8 MPa strength while retaining 852% elongation.,Only 71.5% healing and requires 85°C.,"Table 1, ref. 44: 75.8 MPa; 852% elongation; 85°C, 1 h; 71.5% tensile-strength recovery.",Recent advances in self-healing polyurethane based on dynamic covalent bonds combined with other self-healing methods,Ze-Wei An; Rui Xue; Kang Ye; Hui Zhao; Yang Liu; Peng Li; Zhen-Ming Chen; Chong-Xing Huang; Guo-Hua Hu,2023,Nanoscale,https://doi.org/10.1039/D2NR07110J,RS,2026-08-29,Draft,Application not specified in review; original cited study not independently checked.
P069,PIDA aromatic-disulfide PU elastomer,Polyurethane,Disulfide Exchange + Hydrogen Bonding,Autonomous (Room Temp),25,Explicitly reported at 25°C,48,101.9,Tensile Strength,31,638.2,Highly Flexible/Elastomeric,Other,"Combines 31 MPa strength, high elongation and greater-than-100% tensile recovery at room temperature.",Requires 48 h healing.,"Table 1, ref. 5: 31 MPa; 638.2% elongation; 25°C, 48 h; 101.9% tensile-strength recovery.",Recent advances in self-healing polyurethane based on dynamic covalent bonds combined with other self-healing methods,Ze-Wei An; Rui Xue; Kang Ye; Hui Zhao; Yang Liu; Peng Li; Zhen-Ming Chen; Chong-Xing Huang; Guo-Hua Hu,2023,Nanoscale,https://doi.org/10.1039/D2NR07110J,RS,2026-08-29,Draft,Application not specified; efficiency above 100% is reported by the review.
P070,"Aromatic-disulfide/H-bond PU, ref. 45",Polyurethane,Disulfide Exchange + Hydrogen Bonding,Heat,75,Explicitly reported,2,90,Tensile Strength,4.8,489,Highly Flexible/Elastomeric,Other,90% tensile recovery with substantial extensibility.,Relatively low tensile strength and requires heating to 75°C.,"Table 1, ref. 45: 4.8 MPa; 489% elongation; 75°C, 2 h; 90% tensile-strength recovery.",Recent advances in self-healing polyurethane based on dynamic covalent bonds combined with other self-healing methods,Ze-Wei An; Rui Xue; Kang Ye; Hui Zhao; Yang Liu; Peng Li; Zhen-Ming Chen; Chong-Xing Huang; Guo-Hua Hu,2023,Nanoscale,https://doi.org/10.1039/D2NR07110J,RS,2026-08-29,Draft,Application not specified; review also reports 70% elongation recovery.
P071,"Aromatic-disulfide/H-bond PU, ref. 46",Polyurethane,Disulfide Exchange + Hydrogen Bonding,Heat,60,Explicitly reported,12,91,Tensile Strength,3.37,518,Highly Flexible/Elastomeric,Other,91% tensile recovery with 518% elongation.,Requires 12 h at 60°C and has modest tensile strength.,"Table 1, ref. 46: 3.37 MPa; 518% elongation; 60°C, 12 h; 91% tensile-strength recovery.",Recent advances in self-healing polyurethane based on dynamic covalent bonds combined with other self-healing methods,Ze-Wei An; Rui Xue; Kang Ye; Hui Zhao; Yang Liu; Peng Li; Zhen-Ming Chen; Chong-Xing Huang; Guo-Hua Hu,2023,Nanoscale,https://doi.org/10.1039/D2NR07110J,RS,2026-08-29,Draft,Application not specified; original cited study not independently checked.
P072,UV-responsive aliphatic-disulfide PU,Polyurethane,Disulfide Exchange + Hydrogen Bonding,Multiple Stimuli,40,365 nm UV irradiation at 40°C,0.75,100,Tensile Strength,250,240,Highly Flexible/Elastomeric,Other,Extremely high reported tensile strength with complete tensile-strength recovery.,Requires simultaneous UV irradiation and elevated temperature.,"Table 1, ref. 47: >250 MPa; 240% elongation; UV 365 nm at 40°C for 45 min; 100% tensile-strength recovery.",Recent advances in self-healing polyurethane based on dynamic covalent bonds combined with other self-healing methods,Ze-Wei An; Rui Xue; Kang Ye; Hui Zhao; Yang Liu; Peng Li; Zhen-Ming Chen; Chong-Xing Huang; Guo-Hua Hu,2023,Nanoscale,https://doi.org/10.1039/D2NR07110J,RS,2026-08-29,Draft,Tensile strength reported as >250 MPa; 250 entered as conservative lower-bound numerical value.
P073,"Aliphatic-disulfide/H-bond PU, ref. 48",Polyurethane,Disulfide Exchange + Hydrogen Bonding,Autonomous (Room Temp),25,RT standardized to 25°C,3,96,Tensile Strength,61.7,1068,Highly Flexible/Elastomeric,Other,"Excellent combination of 61.7 MPa strength, 1068% elongation and 96% room-temperature healing.",Requires 3 h for the reported recovery.,"Table 1, ref. 48: 61.7 MPa; 1068% elongation; RT, 3 h; 96% tensile-strength recovery.",Recent advances in self-healing polyurethane based on dynamic covalent bonds combined with other self-healing methods,Ze-Wei An; Rui Xue; Kang Ye; Hui Zhao; Yang Liu; Peng Li; Zhen-Ming Chen; Chong-Xing Huang; Guo-Hua Hu,2023,Nanoscale,https://doi.org/10.1039/D2NR07110J,RS,2026-08-29,Draft,RT standardized to 25°C; application not specified.
P074,DSICE disulfide/UPy PU elastomer,Polyurethane,Disulfide Exchange + Hydrogen Bonding,Autonomous (Room Temp),25,RT standardized to 25°C,48,92.76,Tensile Strength,27.83,2615.17,Highly Flexible/Elastomeric,Other,Exceptional 2615.17% elongation combined with 27.83 MPa strength and high tensile recovery.,Requires 48 h for the reported room-temperature recovery.,"Table 1, ref. 11: 27.83 MPa; 2615.17% elongation; RT, 48 h; 92.76% tensile-strength recovery.",Recent advances in self-healing polyurethane based on dynamic covalent bonds combined with other self-healing methods,Ze-Wei An; Rui Xue; Kang Ye; Hui Zhao; Yang Liu; Peng Li; Zhen-Ming Chen; Chong-Xing Huang; Guo-Hua Hu,2023,Nanoscale,https://doi.org/10.1039/D2NR07110J,RS,2026-08-29,Draft,RT standardized to 25°C; application not specified.
P075,"Aliphatic-disulfide/H-bond PU, ref. 49",Polyurethane,Disulfide Exchange + Hydrogen Bonding,Heat,100,Explicitly reported,2,92.4,Tensile Strength,25,1463,Highly Flexible/Elastomeric,Other,High 25 MPa tensile strength and 1463% elongation with 92.4% recovery.,Requires heating to 100°C.,"Table 1, ref. 49: 25 MPa; 1463% elongation; 100°C, 2 h; 92.4% tensile-strength recovery.",Recent advances in self-healing polyurethane based on dynamic covalent bonds combined with other self-healing methods,Ze-Wei An; Rui Xue; Kang Ye; Hui Zhao; Yang Liu; Peng Li; Zhen-Ming Chen; Chong-Xing Huang; Guo-Hua Hu,2023,Nanoscale,https://doi.org/10.1039/D2NR07110J,RS,2026-08-29,Draft,Application not specified; original cited study not independently checked.
P076,"Photoresponsive aliphatic-disulfide PU, ref. 50",Polyurethane,Disulfide Exchange + Hydrogen Bonding,Light/UV,25,"200 mW cm−2 irradiation; temperature not reported, ambient standardized to 25°C",1,90,Other,13,160,Semi-Flexible,Adhesives,90% recovery under light stimulation with moderate mechanical strength.,Efficiency is based on shear strength rather than tensile-strength recovery.,"Table 1, ref. 50: 13 MPa; 160% elongation; 200 mW cm−2 irradiation for 1 h; 90% shear-strength recovery.",Recent advances in self-healing polyurethane based on dynamic covalent bonds combined with other self-healing methods,Ze-Wei An; Rui Xue; Kang Ye; Hui Zhao; Yang Liu; Peng Li; Zhen-Ming Chen; Chong-Xing Huang; Guo-Hua Hu,2023,Nanoscale,https://doi.org/10.1039/D2NR07110J,RS,2026-08-29,Draft,25°C is assumed ambient temperature; wavelength is not specified in Table 1; Adhesives classification inferred from shear-strength metric.
P077,"Aliphatic-disulfide/H-bond PU, ref. 51",Polyurethane,Disulfide Exchange + Hydrogen Bonding,Heat,100,Explicitly reported,0.5,96.5,Tensile Strength,8.6,224.2,Highly Flexible/Elastomeric,Other,Very rapid 30-minute healing with 96.5% tensile-strength recovery.,Requires heating to 100°C.,"Table 1, ref. 51: 8.6 MPa; 224.2% elongation; 100°C, 30 min; 96.5% tensile-strength recovery.",Recent advances in self-healing polyurethane based on dynamic covalent bonds combined with other self-healing methods,Ze-Wei An; Rui Xue; Kang Ye; Hui Zhao; Yang Liu; Peng Li; Zhen-Ming Chen; Chong-Xing Huang; Guo-Hua Hu,2023,Nanoscale,https://doi.org/10.1039/D2NR07110J,RS,2026-08-29,Draft,Application not specified; original cited study not independently checked.
P078,FaUb-PU dual dynamic network,Polyurethane,Diels-Alder Reaction + Hydrogen Bonding,Heat,130,130°C for 1 h followed by 65°C for 24 h,25,91.2,Tensile Strength,51.9,930,Highly Flexible/Elastomeric,Other,"Very high 51.9 MPa strength, 930% elongation and 91.2% tensile recovery.",Long two-stage thermal healing protocol totaling 25 h.,"Table 1, ref. 53: 51.9 MPa; 930% elongation; 130°C 1 h + 65°C 24 h; 91.2% tensile-strength recovery.",Recent advances in self-healing polyurethane based on dynamic covalent bonds combined with other self-healing methods,Ze-Wei An; Rui Xue; Kang Ye; Hui Zhao; Yang Liu; Peng Li; Zhen-Ming Chen; Chong-Xing Huang; Guo-Hua Hu,2023,Nanoscale,https://doi.org/10.1039/D2NR07110J,RS,2026-08-29,Draft,Healing time entered as total treatment time; application not specified.
P079,PUUa-DA polyurethane-urea,Polyurethane,Diels-Alder Reaction + Hydrogen Bonding,Heat,120,120°C for 10 min followed by 60°C for 24 h,24.1667,94,Tensile Strength,18.5,136,Semi-Flexible,Other,Good 18.5 MPa tensile strength with 94% healing.,Requires a long two-stage thermal treatment.,"Table 1, ref. 6: 18.5 MPa; 136% elongation; 120°C 10 min + 60°C 24 h; 94% tensile-strength recovery.",Recent advances in self-healing polyurethane based on dynamic covalent bonds combined with other self-healing methods,Ze-Wei An; Rui Xue; Kang Ye; Hui Zhao; Yang Liu; Peng Li; Zhen-Ming Chen; Chong-Xing Huang; Guo-Hua Hu,2023,Nanoscale,https://doi.org/10.1039/D2NR07110J,RS,2026-08-29,Draft,Healing time entered as total treatment time; application not specified.
P080,DA/UPy IPN polyurethane,Polyurethane,Diels-Alder Reaction + Hydrogen Bonding,Heat,90,Explicitly reported,1,100,Tensile Strength,6,180,Semi-Flexible,Other,Complete tensile-strength recovery in only 1 h.,Requires 90°C and tensile strength is lower than several other systems in the review.,"Table 1, ref. 54 and surrounding IPN discussion: 6 MPa; 180% elongation; 90°C, 1 h; 100% tensile-strength recovery.",Recent advances in self-healing polyurethane based on dynamic covalent bonds combined with other self-healing methods,Ze-Wei An; Rui Xue; Kang Ye; Hui Zhao; Yang Liu; Peng Li; Zhen-Ming Chen; Chong-Xing Huang; Guo-Hua Hu,2023,Nanoscale,https://doi.org/10.1039/D2NR07110J,RS,2026-08-29,Draft,Application not specified; original cited study not independently checked.
P081,Transparent imine/H-bond polyurea,Polyurea,Imine/Schiff Base Bond + Hydrogen Bonding,Water/Moisture,25,Water-enabled healing at RT; RT standardized to 25°C,72,92.2,Mechanical Strength/Properties,41.2,823,Highly Flexible/Elastomeric,Other,High 41.2 MPa tensile strength and 823% elongation with water-assisted self-healing.,Requires 72 h for the water-enabled condition; efficiency is modulus recovery rather than tensile recovery.,"Table 1, ref. 55: 41.2 MPa; 823% elongation; water-enabled RT, 72 h; 92.2% Young's-modulus recovery.",Recent advances in self-healing polyurethane based on dynamic covalent bonds combined with other self-healing methods,Ze-Wei An; Rui Xue; Kang Ye; Hui Zhao; Yang Liu; Peng Li; Zhen-Ming Chen; Chong-Xing Huang; Guo-Hua Hu,2023,Nanoscale,https://doi.org/10.1039/D2NR07110J,RS,2026-08-29,Draft,RT standardized to 25°C; Polymer Family is polyurea; application not specified.
P082,CO2-based poly(urea-imine) thermoset,Polyurea,Imine/Schiff Base Bond + Hydrogen Bonding,Heat,80,Explicitly reported,6,92,Tensile Strength,10.2,51,Semi-Flexible,Structural/Composite,92% tensile-strength recovery with moderate tensile strength.,Relatively low elongation and requires 80°C for 6 h.,"Table 1, ref. 56: 10.2 MPa; 51% elongation; 80°C, 6 h; 92% tensile-strength recovery.",Recent advances in self-healing polyurethane based on dynamic covalent bonds combined with other self-healing methods,Ze-Wei An; Rui Xue; Kang Ye; Hui Zhao; Yang Liu; Peng Li; Zhen-Ming Chen; Chong-Xing Huang; Guo-Hua Hu,2023,Nanoscale,https://doi.org/10.1039/D2NR07110J,RS,2026-08-29,Draft,Application classification inferred from thermosetting material context.
P083,Imine/UPy self-healing polymer for triboelectric nanogenerator,Polyurethane,Imine/Schiff Base Bond + Hydrogen Bonding,Autonomous (Room Temp),25,Prose explicitly states RT healing,24,100,Tensile Strength,2.29,249,Highly Flexible/Elastomeric,Sensors,Complete room-temperature recovery and demonstrated functional triboelectric-nanogenerator use.,Requires 24 h and tensile strength is only 2.29 MPa.,"Table 1, ref. 57 and prose: 2.29 MPa; 249% elongation; RT, 24 h; 100% tensile-strength and elongation recovery.",Recent advances in self-healing polyurethane based on dynamic covalent bonds combined with other self-healing methods,Ze-Wei An; Rui Xue; Kang Ye; Hui Zhao; Yang Liu; Peng Li; Zhen-Ming Chen; Chong-Xing Huang; Guo-Hua Hu,2023,Nanoscale,https://doi.org/10.1039/D2NR07110J,RS,2026-08-29,Draft,RT standardized to 25°C; efficiency describes recovery of both tensile strength and elongation.
P084,"Imine/urea PDMS-based self-healing polymer, ref. 58",Silicone/PDMS,Imine/Schiff Base Bond + Hydrogen Bonding,Autonomous (Room Temp),25,RT standardized to 25°C,1,98.4,Elongation at Break,1,1500,Highly Flexible/Elastomeric,Coatings,Very high 1500% elongation and rapid one-hour room-temperature recovery.,Low tensile strength of approximately 1 MPa.,"Table 1, ref. 58: 1 MPa; 1500% elongation; RT, 1 h; 98.4% elongation-at-break recovery. Prose discusses corrosion-protective coating behavior.",Recent advances in self-healing polyurethane based on dynamic covalent bonds combined with other self-healing methods,Ze-Wei An; Rui Xue; Kang Ye; Hui Zhao; Yang Liu; Peng Li; Zhen-Ming Chen; Chong-Xing Huang; Guo-Hua Hu,2023,Nanoscale,https://doi.org/10.1039/D2NR07110J,RS,2026-08-29,Draft,"RT standardized to 25°C; healing efficiency is elongation recovery, not tensile-strength recovery."
P085,"PDMS imine/urea self-healing elastomer, ref. 59",Silicone/PDMS,Imine/Schiff Base Bond + Hydrogen Bonding,Autonomous (Room Temp),25,RT standardized to 25°C; alternate water and artificial-sweat conditions also reported,24,95,Tensile Strength,0.4,1670,Highly Flexible/Elastomeric,Other,Extremely high elongation and strong autonomous room-temperature recovery; also heals in water and artificial sweat.,Very low tensile strength and lower efficiency in water and artificial sweat.,"Table 1, ref. 59: 0.4 MPa; 1670% elongation; RT 24 h, 95%; water 24 h, 89%; artificial sweat 24 h, 78%.",Recent advances in self-healing polyurethane based on dynamic covalent bonds combined with other self-healing methods,Ze-Wei An; Rui Xue; Kang Ye; Hui Zhao; Yang Liu; Peng Li; Zhen-Ming Chen; Chong-Xing Huang; Guo-Hua Hu,2023,Nanoscale,https://doi.org/10.1039/D2NR07110J,RS,2026-08-29,Draft,RT standardized to 25°C; database row uses the highest-efficiency RT condition.
P086,HTPB-based boronic-ester polyurethane vitrimer,Polyurethane,Boronic Ester Exchange + Hydrogen Bonding,Heat,130,Explicitly reported,3,120,Tensile Strength,2.5,86.6,Semi-Flexible,Structural/Composite,Recyclable network with tensile recovery exceeding the original measured value.,Requires 130°C for 3 h and has relatively low tensile strength.,"Table 1, ref. 60: 2.5 MPa; 86.6% elongation; 130°C, 3 h; 120% tensile-strength recovery.",Recent advances in self-healing polyurethane based on dynamic covalent bonds combined with other self-healing methods,Ze-Wei An; Rui Xue; Kang Ye; Hui Zhao; Yang Liu; Peng Li; Zhen-Ming Chen; Chong-Xing Huang; Guo-Hua Hu,2023,Nanoscale,https://doi.org/10.1039/D2NR07110J,RS,2026-08-29,Draft,120% recovery is reported directly by the review; application inferred from recyclable vitrimer context.
P087,Cu-DMG-SS polyurethane elastomer,Polyurethane,Disulfide Exchange + Metal-Ligand Coordination,Autonomous (Room Temp),25,RT standardized to 25°C,48,83,Tensile Strength,19.5,660,Highly Flexible/Elastomeric,Other,Good 19.5 MPa strength and 660% elongation with room-temperature healing.,Requires 48 h and recovery reaches only 83%.,"Table 2, ref. 10: 19.5 ± 1.1 MPa; 660 ± 30% elongation; RT, 48 h; 83 ± 2% tensile-strength recovery.",Recent advances in self-healing polyurethane based on dynamic covalent bonds combined with other self-healing methods,Ze-Wei An; Rui Xue; Kang Ye; Hui Zhao; Yang Liu; Peng Li; Zhen-Ming Chen; Chong-Xing Huang; Guo-Hua Hu,2023,Nanoscale,https://doi.org/10.1039/D2NR07110J,RS,2026-08-29,Draft,RT standardized to 25°C; application not specified.
P088,Zn-coordinated disulfide poly(urethane-urea),Polyurethane,Disulfide Exchange + Metal-Ligand Coordination,Heat,80,Explicitly reported,24,96.6,Elongation at Break,9.4,1663,Highly Flexible/Elastomeric,Other,Exceptional 1663% elongation with 96.6% recovery of elongation.,Requires 80°C for 24 h.,"Table 2, ref. 83: 9.40 MPa; 1663% elongation; 80°C, 24 h; 96.6% elongation-at-break recovery.",Recent advances in self-healing polyurethane based on dynamic covalent bonds combined with other self-healing methods,Ze-Wei An; Rui Xue; Kang Ye; Hui Zhao; Yang Liu; Peng Li; Zhen-Ming Chen; Chong-Xing Huang; Guo-Hua Hu,2023,Nanoscale,https://doi.org/10.1039/D2NR07110J,RS,2026-08-29,Draft,Efficiency is elongation-at-break recovery rather than tensile-strength recovery.
P089,PU-0.5TDPA/0.5DAP-Fe elastomer,Polyurethane,Disulfide Exchange + Metal-Ligand Coordination,Heat,70,Explicitly reported,12,93.48,Tensile Strength,2.16,475.03,Highly Flexible/Elastomeric,Sensors,High 93.48% tensile recovery and large elongation; related formulation demonstrated for flexible sensing.,Relatively low tensile strength and requires 70°C for 12 h.,"Table 2, ref. 4: 2.16 MPa; 475.03% elongation; 70°C, 12 h; 93.48% tensile-strength recovery.",Recent advances in self-healing polyurethane based on dynamic covalent bonds combined with other self-healing methods,Ze-Wei An; Rui Xue; Kang Ye; Hui Zhao; Yang Liu; Peng Li; Zhen-Ming Chen; Chong-Xing Huang; Guo-Hua Hu,2023,Nanoscale,https://doi.org/10.1039/D2NR07110J,RS,2026-08-29,Draft,Sensor application is discussed for conductive graphene-doped material based on this elastomer.
P090,PU-ND DA/Fe-coordination dual-network polyurethane,Polyurethane,Diels-Alder Reaction + Metal-Ligand Coordination,Heat,65,Explicitly reported,3,95,Tensile Strength,9.5,725,Highly Flexible/Elastomeric,Other,High elongation and greater-than-95% tensile recovery from dual dynamic networks.,Requires heating to 65°C.,"Table 2, ref. 85: 9.5 MPa; 725% elongation; 65°C, 3 h; >95% tensile-strength recovery.",Recent advances in self-healing polyurethane based on dynamic covalent bonds combined with other self-healing methods,Ze-Wei An; Rui Xue; Kang Ye; Hui Zhao; Yang Liu; Peng Li; Zhen-Ming Chen; Chong-Xing Huang; Guo-Hua Hu,2023,Nanoscale,https://doi.org/10.1039/D2NR07110J,RS,2026-08-29,Draft,Review reports >95%; entered 95% as conservative numerical lower bound.
P091,PU-DOPA-Fe3+/EP-Schiff reversible interlocking polymer network,Composite,Imine/Schiff Base Bond + Metal-Ligand Coordination,Water/Moisture,25,"Water at pH 4–9; numerical temperature not given, ambient standardized to 25°C",24,86.1,Tensile Strength,2.5,370.9,Highly Flexible/Elastomeric,Other,Can self-heal underwater over a broad pH range using complementary dynamic interactions.,Low tensile strength and efficiency varies substantially with pH.,"Table 2, ref. 19: 2.5 MPa; 370.9% elongation; pH 4–9, 24 h; 75.9–96.3% tensile-strength recovery.",Recent advances in self-healing polyurethane based on dynamic covalent bonds combined with other self-healing methods,Ze-Wei An; Rui Xue; Kang Ye; Hui Zhao; Yang Liu; Peng Li; Zhen-Ming Chen; Chong-Xing Huang; Guo-Hua Hu,2023,Nanoscale,https://doi.org/10.1039/D2NR07110J,RS,2026-08-29,Draft,Efficiency entered as midpoint of reported 75.9–96.3% range; temperature standardized to 25°C.
P092,AD/GO-reinforced disulfide polyurethane nanocomposite,Composite,Disulfide Exchange + Hydrogen Bonding,Autonomous (Room Temp),25,RT standardized to 25°C,24,88.6,Mechanical Strength/Properties,64.6,1306.8,Highly Flexible/Elastomeric,Structural/Composite,"Excellent combination of high tensile strength, extreme elongation and room-temperature healing.",Review contains an internal table/prose discrepancy for tensile strength.,"Table 3, ref. 2: 64.6 MPa; 1306.8% elongation; RT, 24 h; 88.6% healing. Prose reports 78.3 MPa for the AD/GO composite.",Recent advances in self-healing polyurethane based on dynamic covalent bonds combined with other self-healing methods,Ze-Wei An; Rui Xue; Kang Ye; Hui Zhao; Yang Liu; Peng Li; Zhen-Ming Chen; Chong-Xing Huang; Guo-Hua Hu,2023,Nanoscale,https://doi.org/10.1039/D2NR07110J,RS,2026-08-29,Draft,Table value retained for consistency; prose gives 78.3 MPa for composite. RT standardized to 25°C.
P093,Urea-g-MWCNT/PU-sulfide nanocomposite,Composite,Disulfide Exchange + Hydrogen Bonding,Light/UV,25,"NIR irradiation; numerical sample temperature not reported, ambient standardized to 25°C",24,90,Tensile Strength,4.22,451,Highly Flexible/Elastomeric,Structural/Composite,NIR-responsive repair with 90% tensile recovery and substantial elongation.,Requires 24 h and tensile strength is moderate.,"Table 3, ref. 91: 4.22 MPa; 451% elongation; NIR 24 h; 90% tensile-strength recovery.",Recent advances in self-healing polyurethane based on dynamic covalent bonds combined with other self-healing methods,Ze-Wei An; Rui Xue; Kang Ye; Hui Zhao; Yang Liu; Peng Li; Zhen-Ming Chen; Chong-Xing Huang; Guo-Hua Hu,2023,Nanoscale,https://doi.org/10.1039/D2NR07110J,RS,2026-08-29,Draft,NIR is the actual trigger; 25°C is an ambient-temperature standardization.
P094,FGN/DA-polyurethane nanocomposite,Composite,Diels-Alder Reaction,Light/UV,25,"NIR photothermal healing; numerical bulk temperature not reported, ambient standardized to 25°C",0.0167,96,Tensile Strength,36,1100,Highly Flexible/Elastomeric,Structural/Composite,"Outstanding combination of 36 MPa tensile strength, 1100% elongation and 96% healing in only one minute.",Requires NIR-responsive graphene nanofiller and irradiation.,"Table 3, ref. 95 and prose: 36 MPa; >1100% elongation; NIR, 1 min; >96% tensile-strength recovery.",Recent advances in self-healing polyurethane based on dynamic covalent bonds combined with other self-healing methods,Ze-Wei An; Rui Xue; Kang Ye; Hui Zhao; Yang Liu; Peng Li; Zhen-Ming Chen; Chong-Xing Huang; Guo-Hua Hu,2023,Nanoscale,https://doi.org/10.1039/D2NR07110J,RS,2026-08-29,Draft,25°C is standardized ambient temperature; table reports 96% while prose says higher than 96%.
P095,RCFA F4PU/urea-g-MWCNT/Ag@MWCNT adhesive,Composite,Diels-Alder Reaction,Light/UV,25,"NIR irradiation; numerical bulk temperature not reported, ambient standardized to 25°C",0.3333,92.16,Tensile Strength,14.79,603,Highly Flexible/Elastomeric,Adhesives,"Combines good mechanical properties, conductivity and rapid NIR-triggered repair.",Requires a complex CNT/silver conductive network and NIR irradiation.,"Table 3, ref. 6 and prose: 14.79 MPa; 603% elongation; NIR, 20 min; 92.16% tensile-strength recovery.",Recent advances in self-healing polyurethane based on dynamic covalent bonds combined with other self-healing methods,Ze-Wei An; Rui Xue; Kang Ye; Hui Zhao; Yang Liu; Peng Li; Zhen-Ming Chen; Chong-Xing Huang; Guo-Hua Hu,2023,Nanoscale,https://doi.org/10.1039/D2NR07110J,RS,2026-08-29,Draft,25°C is standardized ambient temperature; RCFA is explicitly described as a reversible conductive flexible adhesive.
P096,"DA-polyurethane/graphene nanocomposite, ref. 93",Composite,Diels-Alder Reaction,Heat,150,150°C for 4 h followed by 65°C for 24 h,28,71.12,Tensile Strength,8.01,1449,Highly Flexible/Elastomeric,Structural/Composite,Extremely high 1449% elongation with measurable tensile healing.,Requires a long 28 h two-stage thermal protocol and recovery is only 71.12%.,"Table 3, ref. 93: 8.01 MPa; 1449% elongation; 150°C 4 h + 65°C 24 h; 71.12% tensile-strength recovery.",Recent advances in self-healing polyurethane based on dynamic covalent bonds combined with other self-healing methods,Ze-Wei An; Rui Xue; Kang Ye; Hui Zhao; Yang Liu; Peng Li; Zhen-Ming Chen; Chong-Xing Huang; Guo-Hua Hu,2023,Nanoscale,https://doi.org/10.1039/D2NR07110J,RS,2026-08-29,Draft,Healing time entered as total two-stage treatment time.
P097,"DA-polyurethane/graphene nanocomposite, ref. 94",Composite,Diels-Alder Reaction,Heat,130,130°C for 30 min followed by RT for 24 h,24.5,75.8,Tensile Strength,7.96,438,Highly Flexible/Elastomeric,Structural/Composite,Good elongation with 75.8% tensile-strength recovery.,Requires an approximately 24.5 h two-stage repair protocol.,"Table 3, ref. 94: 7.96 MPa; 438% elongation; 130°C 30 min + RT 24 h; 75.8% tensile-strength recovery.",Recent advances in self-healing polyurethane based on dynamic covalent bonds combined with other self-healing methods,Ze-Wei An; Rui Xue; Kang Ye; Hui Zhao; Yang Liu; Peng Li; Zhen-Ming Chen; Chong-Xing Huang; Guo-Hua Hu,2023,Nanoscale,https://doi.org/10.1039/D2NR07110J,RS,2026-08-29,Draft,Healing time entered as total treatment time; RT portion standardized conceptually to ambient conditions.
P098,ZnO@MWCNT/PDMS DA nanocomposite,Composite,Diels-Alder Reaction,Heat,120,120°C for 10 min followed by RT for 30 min,0.6667,95,Tensile Strength,0.25,275,Highly Flexible/Elastomeric,Structural/Composite,Rapid repair with 95% tensile recovery plus multifunctional microwave-absorption behavior.,Very low tensile strength despite high extensibility.,"Table 3, ref. 96: >0.25 MPa; >275% elongation; 120°C 10 min + RT 30 min; 95% tensile-strength recovery.",Recent advances in self-healing polyurethane based on dynamic covalent bonds combined with other self-healing methods,Ze-Wei An; Rui Xue; Kang Ye; Hui Zhao; Yang Liu; Peng Li; Zhen-Ming Chen; Chong-Xing Huang; Guo-Hua Hu,2023,Nanoscale,https://doi.org/10.1039/D2NR07110J,RS,2026-08-29,Draft,Tensile strength and elongation are reported as >0.25 MPa and >275%; lower-bound numeric values entered.
P099,Imine/disulfide thermosetting polyurethane,Polyurethane,Imine/Schiff Base Bond + Disulfide Exchange,Heat,110,Explicitly reported,24,100,Tensile Strength,28.16,822.49,Highly Flexible/Elastomeric,Structural/Composite,"Combines 28.16 MPa strength, 822.49% elongation and complete tensile-strength recovery.",Requires 110°C for 24 h.,"Table 4, ref. 97: 28.16 MPa; 822.49% elongation; 110°C, 24 h; 100% tensile-strength recovery.",Recent advances in self-healing polyurethane based on dynamic covalent bonds combined with other self-healing methods,Ze-Wei An; Rui Xue; Kang Ye; Hui Zhao; Yang Liu; Peng Li; Zhen-Ming Chen; Chong-Xing Huang; Guo-Hua Hu,2023,Nanoscale,https://doi.org/10.1039/D2NR07110J,RS,2026-08-29,Draft,Application inferred from thermosetting network context; original cited study not independently checked.
P100,APDS-FGE/bismaleimide dual-healing polyurethane,Polyurethane,Diels-Alder Reaction + Disulfide Exchange,Heat,135,135°C for 10 min followed by 65°C for 24 h,24.1667,97.5,Tensile Strength,39.5,455,Highly Flexible/Elastomeric,Other,High 39.5 MPa strength with 97.5% tensile recovery from two complementary dynamic covalent mechanisms.,Requires a long two-stage thermal healing protocol.,"Table 4, ref. 15: 39.5 MPa; 455% elongation; 135°C 10 min + 65°C 24 h; 97.5% tensile-strength recovery.",Recent advances in self-healing polyurethane based on dynamic covalent bonds combined with other self-healing methods,Ze-Wei An; Rui Xue; Kang Ye; Hui Zhao; Yang Liu; Peng Li; Zhen-Ming Chen; Chong-Xing Huang; Guo-Hua Hu,2023,Nanoscale,https://doi.org/10.1039/D2NR07110J,RS,2026-08-29,Draft,Healing time entered as total two-stage treatment time; application not specified.
P101,PU-CYS dual DA/disulfide polyurethane,Polyurethane,Diels-Alder Reaction + Disulfide Exchange,Heat,60,Review prose states rapid healing at 60°C,0.0833,97,Tensile Strength,4.63,1092,Highly Flexible/Elastomeric,Other,Very fast five-minute healing with >97% tensile recovery and 1092% elongation.,Tensile strength is modest compared with other dual-network systems.,"Table 4, ref. 98: 4.63 MPa; 1092% elongation; 60°C; >97% tensile recovery. Prose states healing within 5 min at 60°C.",Recent advances in self-healing polyurethane based on dynamic covalent bonds combined with other self-healing methods,Ze-Wei An; Rui Xue; Kang Ye; Hui Zhao; Yang Liu; Peng Li; Zhen-Ming Chen; Chong-Xing Huang; Guo-Hua Hu,2023,Nanoscale,https://doi.org/10.1039/D2NR07110J,RS,2026-08-29,Draft,Review reports >97%; 97 entered as conservative lower bound. Healing time of 5 min comes from surrounding prose.
P102,HBP (PS/PA-amide) supramolecular polymer,Supramolecular Polymer,Hydrogen Bonding,Autonomous (Room Temp),25,RT standardized to 25°C,24,90,Other,1.9,780,Highly Flexible/Elastomeric,Other,High 780% elongation with autonomous room-temperature self-healing.,Low tensile strength of 1.9 MPa and requires 24 h.,"Table 1, ref. 26: UTS 1.9 MPa; elongation 780%; RT, 24 h; 90% healing efficiency.",Advances in self-healing supramolecular soft materials and nanocomposites,Gurunathan Thangavel; Matthew Wei Ming Tan; Pooi See Lee,2019,Nano Convergence,https://doi.org/10.1186/s40580-019-0199-9,RS,2026-10-07,Draft,RT standardized to 25°C; exact property used to calculate healing efficiency is not specified in review.
P103,FA and urea supramolecular polymer,Supramolecular Polymer,Hydrogen Bonding,Autonomous (Room Temp),25,RT standardized to 25°C,18,80,Other,3.4,600,Highly Flexible/Elastomeric,Other,600% elongation and autonomous room-temperature repair.,Healing efficiency is limited to 80% and requires 18 h.,"Table 1, ref. 92: UTS 3.4 MPa; elongation 600%; RT, 18 h; 80% healing efficiency.",Advances in self-healing supramolecular soft materials and nanocomposites,Gurunathan Thangavel; Matthew Wei Ming Tan; Pooi See Lee,2019,Nano Convergence,https://doi.org/10.1186/s40580-019-0199-9,RS,2026-10-07,Draft,RT standardized to 25°C; exact healing-efficiency property not specified.
P104,(PA-amide)-b-PMMA-b-(PA-amide) block copolymer,Supramolecular Polymer,Hydrogen Bonding,Heat,60,Explicitly reported,24,90,Other,4.38,750,Highly Flexible/Elastomeric,Other,High stretchability and approximately 90% healing.,Requires 60°C for 24 h.,"Table 1, ref. 94: UTS ~4.38 MPa; elongation ~750%; 60°C, 24 h; ~90% healing efficiency.",Advances in self-healing supramolecular soft materials and nanocomposites,Gurunathan Thangavel; Matthew Wei Ming Tan; Pooi See Lee,2019,Nano Convergence,https://doi.org/10.1186/s40580-019-0199-9,RS,2026-10-07,Draft,Approximate values entered numerically; exact healing-efficiency property not specified.
P105,SPB-2% functionalized polybutadiene network,Elastomer,Hydrogen Bonding,Autonomous (Room Temp),25,RT standardized to 25°C,1,95,Other,1.02,410,Highly Flexible/Elastomeric,Other,Rapid one-hour autonomous healing with 95% efficiency.,Low tensile strength of 1.02 MPa.,"Table 1, ref. 95: UTS 1.02 MPa; elongation 410%; RT, 1 h; 95% healing efficiency.",Advances in self-healing supramolecular soft materials and nanocomposites,Gurunathan Thangavel; Matthew Wei Ming Tan; Pooi See Lee,2019,Nano Convergence,https://doi.org/10.1186/s40580-019-0199-9,RS,2026-10-07,Draft,SPB-2% consists of functionalized polybutadiene-COOH/polybutadiene-NH2 with 2 wt% trifunctional thiol; RT standardized to 25°C.
P106,HN-DGEBA-TGMDA hybrid epoxy network,Other,Hydrogen Bonding,Autonomous (Room Temp),25,RT standardized to 25°C,24,100,Other,1.5,325,Highly Flexible/Elastomeric,Not Stated in Review,Approximately complete room-temperature healing with substantial elongation.,Low tensile strength and 24 h healing time.,"Table 1, ref. 96: UTS 1.5 MPa; elongation 325%; RT, 24 h; ~100% healing efficiency.",Advances in self-healing supramolecular soft materials and nanocomposites,Gurunathan Thangavel; Matthew Wei Ming Tan; Pooi See Lee,2019,Nano Convergence,https://doi.org/10.1186/s40580-019-0199-9,RS,2026-10-07,Draft,~100% standardized to 100%; RT standardized to 25°C; Polymer Family is a hybrid epoxy network.
P107,PMMA/PA-amide brush copolymer,Elastomer,Hydrogen Bonding,Autonomous (Room Temp),25,RT standardized to 25°C,24,80,Other,3,500,Highly Flexible/Elastomeric,Not Stated in Review,Thermoplastic-elastomer behavior with 500% elongation and autonomous healing.,Only 80% recovery after 24 h.,"Table 1, ref. 97: UTS 3 MPa; elongation 500%; RT, 24 h; 80% healing efficiency.",Advances in self-healing supramolecular soft materials and nanocomposites,Gurunathan Thangavel; Matthew Wei Ming Tan; Pooi See Lee,2019,Nano Convergence,https://doi.org/10.1186/s40580-019-0199-9,RS,2026-10-07,Draft,Review describes hard PMMA and soft PA-amide brushes exhibiting thermoplastic-elastomer properties; RT standardized to 25°C.
P108,Crosslinked self-healing polyurethane,Polyurethane,Hydrogen Bonding,Heat,100,Explicitly reported,24,92.3,Other,26.5,870,Highly Flexible/Elastomeric,Not Stated in Review,Strong 26.5 MPa polyurethane with 870% elongation and >90% healing.,Requires 100°C for 24 h.,"Table 1, ref. 98: UTS ~26.5 MPa; elongation ~870%; 100°C, 24 h; 92.3% healing efficiency.",Advances in self-healing supramolecular soft materials and nanocomposites,Gurunathan Thangavel; Matthew Wei Ming Tan; Pooi See Lee,2019,Nano Convergence,https://doi.org/10.1186/s40580-019-0199-9,RS,2026-10-07,Draft,Approximate mechanical values entered numerically; exact efficiency property not specified.
P109,TUEG3 poly(ether-thiourea),Polyurethane,Hydrogen Bonding,Heat,140,Reported Table 1 condition,0.0083,85,Other,45,393,Highly Flexible/Elastomeric,Not Stated in Review,Very high 45 MPa strength with rapid healing in approximately 30 seconds.,Entered Table 1 condition requires 140°C; surrounding discussion also describes compression-assisted healing without heating.,"Table 1, ref. 58: UTS 45 MPa; elongation 393%; 140°C, 30 s; ~85% healing efficiency.",Advances in self-healing supramolecular soft materials and nanocomposites,Gurunathan Thangavel; Matthew Wei Ming Tan; Pooi See Lee,2019,Nano Convergence,https://doi.org/10.1186/s40580-019-0199-9,RS,2026-10-07,Draft,Internal condition nuance: Table 1 reports 140°C/30 s while surrounding discussion notes fractured surfaces can also be rejoined by compression without heating.
P110,LPU hydrogen-bonded linear polyurethane,Polyurethane,Hydrogen Bonding,Heat,50,Explicitly reported,1,96,Other,1.57,104.87,Semi-Flexible,Not Stated in Review,96% recovery in only one hour at a relatively mild 50°C.,Low tensile strength and moderate elongation.,"Table 1, ref. 99: UTS 1.57 MPa; elongation 104.87%; 50°C, 60 min; 96% healing efficiency.",Advances in self-healing supramolecular soft materials and nanocomposites,Gurunathan Thangavel; Matthew Wei Ming Tan; Pooi See Lee,2019,Nano Convergence,https://doi.org/10.1186/s40580-019-0199-9,RS,2026-10-07,Draft,Exact healing-efficiency property not specified in review.
P111,Fe-Hpdca-PDMS,Silicone/PDMS,Metal-Ligand Coordination,Autonomous (Room Temp),25,RT standardized to 25°C,48,90,Other,0.03,1850,Highly Flexible/Elastomeric,Not Stated in Review,Extreme 1850% elongation and 90% autonomous room-temperature healing.,Extremely low tensile strength of 0.03 MPa and requires 48 h.,"Table 1, ref. 28: UTS 0.03 MPa; elongation 1850%; RT, 48 h; 90% healing efficiency. Prose states healing also occurs down to −20°C.",Advances in self-healing supramolecular soft materials and nanocomposites,Gurunathan Thangavel; Matthew Wei Ming Tan; Pooi See Lee,2019,Nano Convergence,https://doi.org/10.1186/s40580-019-0199-9,RS,2026-10-07,Draft,RT standardized to 25°C; review describes Fe-pyridinedicarboxamide coordination complexes with PDMS.
P112,Fe-triazole-PDMS,Silicone/PDMS,Metal-Ligand Coordination,Heat,60,Explicitly reported,20,94.3,Other,0.22,3400,Highly Flexible/Elastomeric,Not Stated in Review,Extraordinary 3400% elongation with 94.3% healing.,Very low tensile strength and requires 20 h at 60°C.,"Table 1, ref. 100: UTS 0.22 MPa; elongation 3400%; 60°C, 20 h; 94.3% healing efficiency.",Advances in self-healing supramolecular soft materials and nanocomposites,Gurunathan Thangavel; Matthew Wei Ming Tan; Pooi See Lee,2019,Nano Convergence,https://doi.org/10.1186/s40580-019-0199-9,RS,2026-10-07,Draft,Exact healing-efficiency property not specified in review.
P113,Zn(OTf)2-PDMS,Silicone/PDMS,Metal-Ligand Coordination,Autonomous (Room Temp),25,RT standardized to 25°C,48,76,Other,0.63,330,Highly Flexible/Elastomeric,Not Stated in Review,Autonomous room-temperature healing with 330% elongation.,Only 76% healing after 48 h and low tensile strength.,"Table 1, ref. 101: UTS 0.63 MPa; elongation 330%; RT, 48 h; 76% healing efficiency.",Advances in self-healing supramolecular soft materials and nanocomposites,Gurunathan Thangavel; Matthew Wei Ming Tan; Pooi See Lee,2019,Nano Convergence,https://doi.org/10.1186/s40580-019-0199-9,RS,2026-10-07,Draft,RT standardized to 25°C; exact healing-efficiency property not specified.
P114,Co-triazole-PDMS,Silicone/PDMS,Metal-Ligand Coordination,Heat,140,Explicitly reported,24,52.2,Other,1.12,560,Highly Flexible/Elastomeric,Not Stated in Review,560% elongation and higher tensile strength than several other PDMS coordination systems in Table 1.,Low healing efficiency of 52.2% despite requiring 140°C for 24 h.,"Table 1, ref. 102: UTS 1.12 MPa; elongation 560%; 140°C, 24 h; 52.2% healing efficiency.",Advances in self-healing supramolecular soft materials and nanocomposites,Gurunathan Thangavel; Matthew Wei Ming Tan; Pooi See Lee,2019,Nano Convergence,https://doi.org/10.1186/s40580-019-0199-9,RS,2026-10-07,Draft,Exact healing-efficiency property not specified in review.
P115,HBN-1% GO supramolecular nanocomposite,Composite,Metal-Ligand Coordination,Autonomous (Room Temp),25,RT standardized to 25°C,1,100,Other,0.5,550,Highly Flexible/Elastomeric,Not Stated in Review,Approximately complete healing in only one hour at room temperature with 550% elongation.,Low tensile strength of 0.5 MPa.,"Table 1, ref. 103: UTS 0.5 MPa; elongation 550%; RT, 1 h; ~100% healing efficiency.",Advances in self-healing supramolecular soft materials and nanocomposites,Gurunathan Thangavel; Matthew Wei Ming Tan; Pooi See Lee,2019,Nano Convergence,https://doi.org/10.1186/s40580-019-0199-9,RS,2026-10-07,Draft,~100% standardized to 100%; RT standardized to 25°C.
P116,ACON secondary-amide cyclooctene network,Other,Metal-Ligand Coordination,Heat,50,Explicitly reported,3,83,Other,2,920,Highly Flexible/Elastomeric,Not Stated in Review,Very high 920% elongation with moderate-temperature healing.,Only 83% recovery and relatively low tensile strength.,"Table 1, ref. 104: UTS 2 MPa; elongation 920%; 50°C, 3 h; 83% healing efficiency.",Advances in self-healing supramolecular soft materials and nanocomposites,Gurunathan Thangavel; Matthew Wei Ming Tan; Pooi See Lee,2019,Nano Convergence,https://doi.org/10.1186/s40580-019-0199-9,RS,2026-10-07,Draft,Polymer Family specified because controlled vocabulary has no exact cyclooctene-network category.
P117,MD50-F5 Fe2O3-containing acrylate copolymer,Composite,Metal-Ligand Coordination,Heat,90,Explicitly reported,12,98,Other,12,450,Highly Flexible/Elastomeric,Not Stated in Review,Strong 12 MPa material with 450% elongation and 98% healing.,Requires 90°C for 12 h.,"Table 1, ref. 105: UTS 12 MPa; elongation 450%; 90°C, 12 h; 98% healing efficiency.",Advances in self-healing supramolecular soft materials and nanocomposites,Gurunathan Thangavel; Matthew Wei Ming Tan; Pooi See Lee,2019,Nano Convergence,https://doi.org/10.1186/s40580-019-0199-9,RS,2026-10-07,Draft,"MD50-F5 is poly(N,N-dimethylacrylamide-co-2-methoxyethyl acrylate) containing 5% Fe2O3."
P118,ICPs-Zn(NTf2)2 (ICP-2) brush copolymer,Supramolecular Polymer,Metal-Ligand Coordination,Autonomous (Room Temp),25,RT standardized to 25°C,3,100,Other,1.7,593,Highly Flexible/Elastomeric,Not Stated in Review,Approximately complete mechanical restoration in only 3 h at room temperature with 593% elongation.,Relatively low tensile strength of 1.7 MPa.,"Table 1, ref. 63: UTS 1.7 MPa; elongation 593%; RT, 3 h; ~100% healing. Prose reports perfect restoration of toughness and Young's modulus after 3 h at RT.",Advances in self-healing supramolecular soft materials and nanocomposites,Gurunathan Thangavel; Matthew Wei Ming Tan; Pooi See Lee,2019,Nano Convergence,https://doi.org/10.1186/s40580-019-0199-9,RS,2026-10-07,Draft,~100% standardized to 100%; RT standardized to 25°C; review explicitly identifies restored toughness and Young's modulus.
P119,Zn2+-coordinated CNT/polyurethane nanocomposite,Composite,Metal-Ligand Coordination,Multiple Stimuli,90,NIR-light-assisted healing at 90°C,1,93,Other,22.8,1076,Highly Flexible/Elastomeric,Other,Excellent 22.8 MPa tensile strength and 1076% elongation combined with approximately 93% healing.,Requires NIR/light activation and elevated temperature.,"Table 2, ref. 89 reports NIR light, 90°C, 1 h and ~93% healing; surrounding prose reports nanocomposite tensile strength 22.8 MPa and strain at break 1076%.",Advances in self-healing supramolecular soft materials and nanocomposites,Gurunathan Thangavel; Matthew Wei Ming Tan; Pooi See Lee,2019,Nano Convergence,https://doi.org/10.1186/s40580-019-0199-9,RS,2026-10-07,Draft,"Mechanical values are for the metallosupramolecular CNT/PU nanocomposite after reinforcement; review lists soft electronics, nano/microelectronics, sporting equipment and structural components as applications."
P120,,,,,,,,,,,,,,,,,,,,,,,,,
P121,,,,,,,,,,,,,,,,,,,,,,,,,
P122,,,,,,,,,,,,,,,,,,,,,,,,,
P123,,,,,,,,,,,,,,,,,,,,,,,,,
P124,,,,,,,,,,,,,,,,,,,,,,,,,
P125,,,,,,,,,,,,,,,,,,,,,,,,,
P126,,,,,,,,,,,,,,,,,,,,,,,,,
P127,,,,,,,,,,,,,,,,,,,,,,,,,
P128,,,,,,,,,,,,,,,,,,,,,,,,,
P129,,,,,,,,,,,,,,,,,,,,,,,,,
P130,,,,,,,,,,,,,,,,,,,,,,,,,
P131,,,,,,,,,,,,,,,,,,,,,,,,,
P132,,,,,,,,,,,,,,,,,,,,,,,,,
P133,,,,,,,,,,,,,,,,,,,,,,,,,
P134,,,,,,,,,,,,,,,,,,,,,,,,,
P135,,,,,,,,,,,,,,,,,,,,,,,,,
P136,,,,,,,,,,,,,,,,,,,,,,,,,
P137,,,,,,,,,,,,,,,,,,,,,,,,,
P138,,,,,,,,,,,,,,,,,,,,,,,,,
P139,,,,,,,,,,,,,,,,,,,,,,,,,
P140,,,,,,,,,,,,,,,,,,,,,,,,,
P141,,,,,,,,,,,,,,,,,,,,,,,,,
P142,,,,,,,,,,,,,,,,,,,,,,,,,
P143,,,,,,,,,,,,,,,,,,,,,,,,,
P144,,,,,,,,,,,,,,,,,,,,,,,,,
P145,,,,,,,,,,,,,,,,,,,,,,,,,
P146,,,,,,,,,,,,,,,,,,,,,,,,,
P147,,,,,,,,,,,,,,,,,,,,,,,,,
P148,,,,,,,,,,,,,,,,,,,,,,,,,
P149,,,,,,,,,,,,,,,,,,,,,,,,,
P150,,,,,,,,,,,,,,,,,,,,,,,,,
P151,,,,,,,,,,,,,,,,,,,,,,,,,
P152,,,,,,,,,,,,,,,,,,,,,,,,,
P153,,,,,,,,,,,,,,,,,,,,,,,,,
P154,,,,,,,,,,,,,,,,,,,,,,,,,
P155,,,,,,,,,,,,,,,,,,,,,,,,,
P156,,,,,,,,,,,,,,,,,,,,,,,,,
P157,,,,,,,,,,,,,,,,,,,,,,,,,
P158,,,,,,,,,,,,,,,,,,,,,,,,,
P159,,,,,,,,,,,,,,,,,,,,,,,,,
P160,,,,,,,,,,,,,,,,,,,,,,,,,
P161,,,,,,,,,,,,,,,,,,,,,,,,,
P162,,,,,,,,,,,,,,,,,,,,,,,,,
P163,,,,,,,,,,,,,,,,,,,,,,,,,
P164,,,,,,,,,,,,,,,,,,,,,,,,,
P165,,,,,,,,,,,,,,,,,,,,,,,,,
P166,,,,,,,,,,,,,,,,,,,,,,,,,
P167,,,,,,,,,,,,,,,,,,,,,,,,,
P168,,,,,,,,,,,,,,,,,,,,,,,,,
P169,,,,,,,,,,,,,,,,,,,,,,,,,
P170,,,,,,,,,,,,,,,,,,,,,,,,,
P171,,,,,,,,,,,,,,,,,,,,,,,,,
P172,,,,,,,,,,,,,,,,,,,,,,,,,
P173,,,,,,,,,,,,,,,,,,,,,,,,,
P174,,,,,,,,,,,,,,,,,,,,,,,,,
P175,,,,,,,,,,,,,,,,,,,,,,,,,
P176,,,,,,,,,,,,,,,,,,,,,,,,,
P177,,,,,,,,,,,,,,,,,,,,,,,,,
P178,,,,,,,,,,,,,,,,,,,,,,,,,
P179,,,,,,,,,,,,,,,,,,,,,,,,,
P180,,,,,,,,,,,,,,,,,,,,,,,,,
P181,,,,,,,,,,,,,,,,,,,,,,,,,
P182,,,,,,,,,,,,,,,,,,,,,,,,,
P183,,,,,,,,,,,,,,,,,,,,,,,,,
P184,,,,,,,,,,,,,,,,,,,,,,,,,
P185,,,,,,,,,,,,,,,,,,,,,,,,,
P186,,,,,,,,,,,,,,,,,,,,,,,,,
P187,,,,,,,,,,,,,,,,,,,,,,,,,
P188,,,,,,,,,,,,,,,,,,,,,,,,,
P189,,,,,,,,,,,,,,,,,,,,,,,,,
P190,,,,,,,,,,,,,,,,,,,,,,,,,
P191,,,,,,,,,,,,,,,,,,,,,,,,,
P192,,,,,,,,,,,,,,,,,,,,,,,,,
P193,,,,,,,,,,,,,,,,,,,,,,,,,
P194,,,,,,,,,,,,,,,,,,,,,,,,,
P195,,,,,,,,,,,,,,,,,,,,,,,,,
P196,,,,,,,,,,,,,,,,,,,,,,,,,
P197,,,,,,,,,,,,,,,,,,,,,,,,,
P198,,,,,,,,,,,,,,,,,,,,,,,,,