ID,Material/Polymer Name,Polymer Family,Healing Mechanism,External Stimulus Required,Healing Temp (°C),Healing Temp Notes,Healing Time (hrs),Healing Efficiency (%),Efficiency Measured Property,Tensile Strength (MPa),Elongation at Break (%),Flexibility Category,Application Area,Main Advantages,Main Limitations/Trade-offs,Supporting Evidence,Paper Title,Authors,Year,Journal,DOI/Link,Data Collector,Date Collected,Verification Status,Notes/Uncertainty Flags
EX01,PDMS-based Diels-Alder Vitrimer,Vitrimer (other),Diels-Alder Reaction,Heat,80,Explicitly reported,4,90,Tensile Strength,0.6,N/A,Highly Flexible/Elastomeric,Soft Robotics,Reversible Diels-Alder network with good healing,Requires 80°C heating,Curated research dataset,,,,,,,,
P001,PEGMA-co-HEMA-UPy,Supramolecular Polymer,Hydrogen Bonding,Autonomous (Room Temp),25,RT standardized to 25°C,24,95,Tensile Strength,0.9,N/A,Highly Flexible/Elastomeric,Wearable Electronics,Strong room-temperature supramolecular healing,Requires extended healing time,Curated research dataset,,,,,,,,
P002,Poly(ACMO-co-MPEG),Polyurethane,Hydrogen Bonding,Heat,50,Explicitly reported,2,85,Tensile Strength,8.2,N/A,Highly Flexible/Elastomeric,Soft Robotics,Good balance of strength and low-temperature healing,Requires heat,Curated research dataset,,,,,,,,
P003,PDES with polyphenol nanoassemblies,Composite,Hydrogen Bonding,Autonomous (Room Temp),25,RT standardized to 25°C,24,90,Tensile Strength,3.5,N/A,Highly Flexible/Elastomeric,Sensors,Autonomous healing and strong flexibility,Long healing time,Curated research dataset,,,,,,,,
P004,Polydimethylsiloxane–polyurethane,Polyurethane,Disulfide Exchange,Heat,120,Explicitly reported,12,97,Tensile Strength,3.31,N/A,Highly Flexible/Elastomeric,Structural/Composite,97% recovery in PDMS-modified polyurethane,Requires 120°C for 12 h,Table 1 ref. 73,Progress and challenges in self-healing composite materials,Shafiqul Islam; Gajanan Bhat,2021,Materials Advances,https://doi.org/10.1039/D0MA00873G,RS,2026-08-11,,
P005,Dipropyl/dibutyl-disulfide thermoset rubber,Elastomer,disulfide–thiol exchange,Autonomous (Room Temp),25,RT standardized to 25°C,24,99,Tensile Strength,0.32,N/A,Highly Flexible/Elastomeric,Structural/Composite,Up to 99% autonomous room-temperature healing,Very low tensile strength 0.32 MPa,Table 1 ref. 74,Progress and challenges in self-healing composite materials,Shafiqul Islam; Gajanan Bhat,2021,Materials Advances,https://doi.org/10.1039/D0MA00873G,RS,2026-08-11,,
P006,Isocyanate-based crosslinked star-shaped polyglycolide network,Crosslinked Polyglycolide Network,Transesterification,Heat,140,Paper reports 120–160°C; midpoint entered,0.1667,70,Tensile Strength,10,N/A,Semi-Flexible,Structural/Composite,Short 10-min healing time,Requires 120–160°C and only 70% recovery,Table 1 ref. 78,Progress and challenges in self-healing composite materials,Shafiqul Islam; Gajanan Bhat,2021,Materials Advances,https://doi.org/10.1039/D0MA00873G,RS,2026-08-11,,
P007,Non-isocyanate polyurethanes,Polyurethane,Diels-Alder Reaction,Heat,120,120°C 30 min then 60°C 24 h,24.5,100,Tensile Strength,2.2,N/A,Highly Flexible/Elastomeric,Structural/Composite,Complete recovery,Requires 24.5 h total thermal treatment,Table 1 ref. 66,Progress and challenges in self-healing composite materials,Shafiqul Islam; Gajanan Bhat,2021,Materials Advances,https://doi.org/10.1039/D0MA00873G,RS,2026-08-11,,
P008,Dihydroxyl-coumarin-based polyurethane,Polyurethane,photochemical [2+2] cycloaddition,Light/UV,25,254 nm UV followed by 350 nm UV; ambient temperature assumed,2,64.4,Tensile Strength,3.5,N/A,Highly Flexible/Elastomeric,photoreactive self-healing polyurethane,Light-controlled healing at ambient conditions,Only 64.4% tensile recovery and ≥2 h irradiation,Table 1 ref. 50,Progress and challenges in self-healing composite materials,Shafiqul Islam; Gajanan Bhat,2021,Materials Advances,https://doi.org/10.1039/D0MA00873G,RS,2026-08-11,,
P009,Waterborne polyurethane,Polyurethane,Disulfide Exchange,Autonomous (Room Temp),25,RT standardized to 25°C,24,95.18,Tensile Strength,18.5,N/A,Highly Flexible/Elastomeric,Coatings,Strong room-temperature healing; waterborne processing,Requires 24 h,Table 1 ref. 71,Progress and challenges in self-healing composite materials,Shafiqul Islam; Gajanan Bhat,2021,Materials Advances,https://doi.org/10.1039/D0MA00873G,RS,2026-08-11,,
P010,Al₂O₃/polyurethane-acrylic superamphiphobic coating,Composite,Disulfide Exchange,Heat,80,80°C for 90 min,1.5,100,Scratch Removal,14.65,N/A,Semi-Flexible,Coatings,Nearly complete scratch removal and relatively high strength,Requires 80°C,Table 1 ref. 72,Progress and challenges in self-healing composite materials,Shafiqul Islam; Gajanan Bhat,2021,Materials Advances,https://doi.org/10.1039/D0MA00873G,RS,2026-08-11,,
P011,CNT-embedded self-healing elastomer actuator,Composite,Hydrogen Bonding,Light/UV,66,NIR irradiation; paper reports 66°C,0.00056,87.68,Toughness,12.52,N/A,Highly Flexible/Elastomeric,Soft Robotics,Extremely rapid — only 2 s — and retains 12.52 MPa strength,Requires NIR irradiation/heating,Table 2 ref. 106,Progress and challenges in self-healing composite materials,Shafiqul Islam; Gajanan Bhat,2021,Materials Advances,https://doi.org/10.1039/D0MA00873G,RS,2026-08-11,,
P012,Epoxidized natural rubber/nanochitin/carboxymethyl-chitosan/CNT composite,Composite,Hydrogen Bonding,Autonomous (Room Temp),25,RT standardized to 25°C,24,91,Tensile Strength,3.5,N/A,Highly Flexible/Elastomeric,Sensors,91% recovery autonomously at RT,Requires 24 h,Table 2 ref. 109,Progress and challenges in self-healing composite materials,Shafiqul Islam; Gajanan Bhat,2021,Materials Advances,https://doi.org/10.1039/D0MA00873G,RS,2026-08-11,,
P013,Polyurethane elastomer/polypropylene glycol,Polyurethane,Hydrogen Bonding,Heat,45,Explicitly Reported,2,79.85,Tensile Strength,33.6,N/A,Highly Flexible/Elastomeric,Structural/Composite,Very high reported tensile strength up to 33.6 MPa,79.85% recovery and requires 45°C,Table 2 ref. 110,Progress and challenges in self-healing composite materials,Shafiqul Islam; Gajanan Bhat,2021,Materials Advances,https://doi.org/10.1039/D0MA00873G,RS,2026-08-11,,
P014,Cyclometalated Pt(II)/PDMS polymer,Silicone/PDMS,π–π interactions,Autonomous (Room Temp),25,RT standardized to 25°C,12,100,Tensile Strength,0.3,N/A,Highly Flexible/Elastomeric,Wearable Electronics,Nearly complete RT healing in PDMS,Low tensile strength of 0.30 MPa,Table 2 ref. 116,Progress and challenges in self-healing composite materials,Shafiqul Islam; Gajanan Bhat,2021,Materials Advances,https://doi.org/10.1039/D0MA00873G,RS,2026-08-11,,
P015,Pyrene-containing PCL/SWCNT network,Composite,π–π interactions,Light/UV,25,NIR light; no numerical temperature reported,2,100,Scratch Removal,26.5,N/A,Semi-Flexible,Sensors,High-strength NIR-responsive network and complete scratch closure,Requires 2 h NIR exposure,Table 2 ref. 118,Progress and challenges in self-healing composite materials,Shafiqul Islam; Gajanan Bhat,2021,Materials Advances,https://doi.org/10.1039/D0MA00873G,RS,2026-08-11,,
P016,Azobenzene-containing liquid-crystalline polyester,Other,π–π interactions,Heat,60,Explicitly reported,5,73.5,Tensile Strength,12.8,N/A,Semi-Flexible,Soft Robotics,12.8 MPa strength with thermal healing,Only 73.5% efficiency after 5 h,Table 2 ref. 119,Progress and challenges in self-healing composite materials,Shafiqul Islam; Gajanan Bhat,2021,Materials Advances,https://doi.org/10.1039/D0MA00873G,RS,2026-08-11,,
P017,Natural-rubber-based carboxylate ionomer,Elastomer,Ionic Interaction,Heat,80,Explicitly reported,2,75,Tensile Strength,2.7,N/A,Highly Flexible/Elastomeric,Structural/Composite,Rubber-like material with ionic reversible network,Requires 80°C and gives 75% recovery,Table 2 ref. 121,Progress and challenges in self-healing composite materials,Shafiqul Islam; Gajanan Bhat,2021,Materials Advances,https://doi.org/10.1039/D0MA00873G,RS,2026-08-11,,
P018,Ionomeric carboxylated styrene–butadiene polymer,Elastomer,Ionic Interaction,Heat,100,Explicitly reported,3,68,Tensile Strength,5.2,N/A,Highly Flexible/Elastomeric,Structural/Composite,Moderate strength ionomeric elastomer,68% efficiency; requires 100°C,Table 2 ref. 123,Progress and challenges in self-healing composite materials,Shafiqul Islam; Gajanan Bhat,2021,Materials Advances,https://doi.org/10.1039/D0MA00873G,RS,2026-08-11,,
P019,Cyclodextrin/adamantane supramolecular polymer,Supramolecular Polymer,Host–Guest interaction,Heat,60,Explicitly reported,0.1667,71,Tensile Strength,5.25,N/A,Highly Flexible/Elastomeric,Soft Robotics,Fast 10-min host–guest healing,Moderate 70–72% recovery,Table 2 ref. 125,Progress and challenges in self-healing composite materials,Shafiqul Islam; Gajanan Bhat,2021,Materials Advances,https://doi.org/10.1039/D0MA00873G,RS,2026-08-11,,
P020,Epoxy resin/cyclic-olefin copolymer blend,Composite,Polymer-chain diffusion,Heat,190,Explicitly reported,1,89,Tensile Strength,27.5,N/A,Rigid,Structural/Composite,High-strength polymer blend,Very high 190°C healing temperature,Table 3 ref. 165,Progress and challenges in self-healing composite materials,Shafiqul Islam; Gajanan Bhat,2021,Materials Advances,https://doi.org/10.1039/D0MA00873G,RS,2026-08-11,,
P021,PU elastomer/low-melting polycaprolactone blend,Composite,Shape-memory-assisted healing,Heat,90,Explicitly reported,0.5,100,Tensile Strength,37.2,N/A,Highly Flexible/Elastomeric,Structural/Composite,Excellent 37.2 MPa strength and complete healing,Requires 90°C,Table 3 ref. 167,Progress and challenges in self-healing composite materials,Shafiqul Islam; Gajanan Bhat,2021,Materials Advances,https://doi.org/10.1039/D0MA00873G,RS,2026-08-11,,
P022,Polycaprolactone/polyfurfuryl-methacrylate,Other,Shape-memory-assisted healing,Heat,120,Explicitly reported,0.25,75.1,Tensile Strength,13,N/A,Semi-Flexible,Structural/Composite,Short 15-min healing time,Requires 120°C; 75.1% recovery,Table 3 ref. 168,Progress and challenges in self-healing composite materials,Shafiqul Islam; Gajanan Bhat,2021,Materials Advances,https://doi.org/10.1039/D0MA00873G,RS,2026-08-11,,
P023,GO/thermoset-polyurethane composite,Composite,Shape-memory-assisted healing,Light/UV,25,NIR 2.5 W cm⁻²; starting ambient temperature assumed,0.5,85,Tensile Strength,16.6,N/A,Semi-Flexible,Structural/Composite,Remote NIR-triggered healing and 16.6 MPa strength,Requires 30 min NIR exposure,Table 3 ref. 169,Progress and challenges in self-healing composite materials,Shafiqul Islam; Gajanan Bhat,2021,Materials Advances,https://doi.org/10.1039/D0MA00873G,RS,2026-08-11,,
P024,Epoxy/PCL copolymer cured with cashew-nut-shell material,Composite,Shape-memory-assisted healing,Heat,80,Explicitly reported,4,93.7,Tensile Strength,12.52,N/A,Rigid,Structural/Composite,93.7% recovery,Requires 4 h at 80°C,Table 3 ref. 171,Progress and challenges in self-healing composite materials,Shafiqul Islam; Gajanan Bhat,2021,Materials Advances,https://doi.org/10.1039/D0MA00873G,RS,2026-08-11,,
P025,Boron-nitride/epoxy composite,Composite,Shape-memory-assisted healing,Heat,140,Explicitly reported,2,85,Tensile Strength,24,N/A,Rigid,Structural/Composite,High strength composite with healing,Requires elevated temperature,Curated research dataset,,,,,,,,
P026,GO/polyurethane composite,Composite,Shape-memory-assisted healing,Light/UV,25,NIR triggered,0.5,85,Tensile Strength,16.6,N/A,Semi-Flexible,Structural/Composite,Remote light-triggered healing,Requires NIR,Curated research dataset,,,,,,,,
P027,PDMS elastomer,Silicone/PDMS,Dynamic covalent bonding,Autonomous (Room Temp),25,RT standardized to 25°C,24,100,Tensile Strength,0.3,N/A,Highly Flexible/Elastomeric,Wearable Electronics,Nearly complete RT healing in PDMS,Low tensile strength,Table 2 ref. 116,Progress and challenges in self-healing composite materials,Shafiqul Islam; Gajanan Bhat,2021,Materials Advances,https://doi.org/10.1039/D0MA00873G,RS,2026-08-11,,
P028,CNT/silver-coated methyl vinyl silicone rubber,Silicone/PDMS,Metal-Ligand Coordination,Heat,120,Explicitly reported,84,87.5,Tensile Strength,0.13,N/A,Highly Flexible/Elastomeric,Sensors,Silicone rubber system with substantial healing,Very slow: 84 h at 120°C,Table 2 ref. 112,Progress and challenges in self-healing composite materials,Shafiqul Islam; Gajanan Bhat,2021,Materials Advances,https://doi.org/10.1039/D0MA00873G,RS,2026-08-11,,
P029,PDMS/nanocomposite elastomer,Silicone/PDMS,Hydrogen Bonding,Autonomous (Room Temp),25,RT standardized to 25°C,24,93.1,Tensile Strength,24,N/A,Semi-Flexible,Structural/Composite,24 MPa strength and 93.1% recovery; NIR-responsive,Complex multi-stage NIR/thermal healing,Table 1 ref. 65,Progress and challenges in self-healing composite materials,Shafiqul Islam; Gajanan Bhat,2021,Materials Advances,https://doi.org/10.1039/D0MA00873G,RS,2026-08-11,,
P030,Polyurethane elastomer network,Polyurethane,Hydrogen Bonding,Heat,150,Explicitly reported,3,96,Tensile Strength,4.5,N/A,Highly Flexible/Elastomeric,Structural/Composite,96% healing with rubber-like flexibility,Requires 150°C for 3 h,Table 1 ref. 80,Progress and challenges in self-healing composite materials,Shafiqul Islam; Gajanan Bhat,2021,Materials Advances,https://doi.org/10.1039/D0MA00873G,RS,2026-08-11,,
P031,CNT-embedded elastomer,Composite,Hydrogen Bonding,Light/UV,66,NIR irradiation,0.00056,87.68,Toughness,12.52,N/A,Highly Flexible/Elastomeric,Soft Robotics,Extremely rapid healing,Requires NIR irradiation,Table 2 ref. 106,Progress and challenges in self-healing composite materials,Shafiqul Islam; Gajanan Bhat,2021,Materials Advances,https://doi.org/10.1039/D0MA00873G,RS,2026-08-11,,
P032,Epoxidized natural rubber composite,Composite,Hydrogen Bonding,Autonomous (Room Temp),25,RT standardized to 25°C,24,91,Tensile Strength,3.5,N/A,Highly Flexible/Elastomeric,Sensors,91% recovery autonomously at RT,Requires 24 h,Table 2 ref. 109,Progress and challenges in self-healing composite materials,Shafiqul Islam; Gajanan Bhat,2021,Materials Advances,https://doi.org/10.1039/D0MA00873G,RS,2026-08-11,,
P033,Polyurethane elastomer/polypropylene glycol,Polyurethane,Hydrogen Bonding,Heat,45,Explicitly Reported,2,79.85,Tensile Strength,33.6,N/A,Highly Flexible/Elastomeric,Structural/Composite,Very high reported tensile strength,79.85% recovery and requires 45°C,Table 2 ref. 110,Progress and challenges in self-healing composite materials,Shafiqul Islam; Gajanan Bhat,2021,Materials Advances,https://doi.org/10.1039/D0MA00873G,RS,2026-08-11,,
P034,Cyclometalated Pt(II)/PDMS polymer,Silicone/PDMS,π–π interactions,Autonomous (Room Temp),25,RT standardized to 25°C,12,100,Tensile Strength,0.3,N/A,Highly Flexible/Elastomeric,Wearable Electronics,Nearly complete RT healing in PDMS,Low tensile strength,Table 2 ref. 116,Progress and challenges in self-healing composite materials,Shafiqul Islam; Gajanan Bhat,2021,Materials Advances,https://doi.org/10.1039/D0MA00873G,RS,2026-08-11,,
P035,Pyrene-containing PCL/SWCNT network,Composite,π–π interactions,Light/UV,25,NIR light; no numerical temperature reported,2,100,Scratch Removal,26.5,N/A,Semi-Flexible,Sensors,High-strength NIR-responsive network and complete scratch closure,Requires 2 h NIR exposure,Table 2 ref. 118,Progress and challenges in self-healing composite materials,Shafiqul Islam; Gajanan Bhat,2021,Materials Advances,https://doi.org/10.1039/D0MA00873G,RS,2026-08-11,,
P036,Azobenzene-containing liquid-crystalline polyester,Other,π–π interactions,Heat,60,Explicitly reported,5,73.5,Tensile Strength,12.8,N/A,Semi-Flexible,Soft Robotics,12.8 MPa strength with thermal healing,Only 73.5% efficiency after 5 h,Table 2 ref. 119,Progress and challenges in self-healing composite materials,Shafiqul Islam; Gajanan Bhat,2021,Materials Advances,https://doi.org/10.1039/D0MA00873G,RS,2026-08-11,,
P037,Natural-rubber-based carboxylate ionomer,Elastomer,Ionic Interaction,Heat,80,Explicitly reported,2,75,Tensile Strength,2.7,N/A,Highly Flexible/Elastomeric,Structural/Composite,Rubber-like material with ionic reversible network,Requires 80°C and gives 75% recovery,Table 2 ref. 121,Progress and challenges in self-healing composite materials,Shafiqul Islam; Gajanan Bhat,2021,Materials Advances,https://doi.org/10.1039/D0MA00873G,RS,2026-08-11,,
P038,Ionomeric carboxylated styrene–butadiene polymer,Elastomer,Ionic Interaction,Heat,100,Explicitly reported,3,68,Tensile Strength,5.2,N/A,Highly Flexible/Elastomeric,Structural/Composite,Moderate strength ionomeric elastomer,68% efficiency; requires 100°C,Table 2 ref. 123,Progress and challenges in self-healing composite materials,Shafiqul Islam; Gajanan Bhat,2021,Materials Advances,https://doi.org/10.1039/D0MA00873G,RS,2026-08-11,,
P039,Cyclodextrin/adamantane supramolecular polymer,Supramolecular Polymer,Host–Guest interaction,Heat,60,Explicitly reported,0.1667,71,Tensile Strength,5.25,N/A,Highly Flexible/Elastomeric,Soft Robotics,Fast 10-min host–guest healing,Moderate 70–72% recovery,Table 2 ref. 125,Progress and challenges in self-healing composite materials,Shafiqul Islam; Gajanan Bhat,2021,Materials Advances,https://doi.org/10.1039/D0MA00873G,RS,2026-08-11,,
P040,Epoxy resin/cyclic-olefin copolymer blend,Composite,Polymer-chain diffusion,Heat,190,Explicitly reported,1,89,Tensile Strength,27.5,N/A,Rigid,Structural/Composite,High-strength polymer blend,Very high 190°C healing temperature,Table 3 ref. 165,Progress and challenges in self-healing composite materials,Shafiqul Islam; Gajanan Bhat,2021,Materials Advances,https://doi.org/10.1039/D0MA00873G,RS,2026-08-11,,
P041,PU elastomer/low-melting polycaprolactone blend,Composite,Shape-memory-assisted healing,Heat,90,Explicitly reported,0.5,100,Tensile Strength,37.2,N/A,Highly Flexible/Elastomeric,Structural/Composite,Excellent 37.2 MPa strength and complete healing,Requires 90°C,Table 3 ref. 167,Progress and challenges in self-healing composite materials,Shafiqul Islam; Gajanan Bhat,2021,Materials Advances,https://doi.org/10.1039/D0MA00873G,RS,2026-08-11,,
P042,Polycaprolactone/polyfurfuryl-methacrylate,Other,Shape-memory-assisted healing,Heat,120,Explicitly reported,0.25,75.1,Tensile Strength,13,N/A,Semi-Flexible,Structural/Composite,Short 15-min healing time,Requires 120°C; 75.1% recovery,Table 3 ref. 168,Progress and challenges in self-healing composite materials,Shafiqul Islam; Gajanan Bhat,2021,Materials Advances,https://doi.org/10.1039/D0MA00873G,RS,2026-08-11,,
P043,GO/thermoset-polyurethane composite,Composite,Shape-memory-assisted healing,Light/UV,25,NIR 2.5 W cm⁻²; starting ambient temperature assumed,0.5,85,Tensile Strength,16.6,N/A,Semi-Flexible,Structural/Composite,Remote NIR-triggered healing and 16.6 MPa strength,Requires 30 min NIR exposure,Table 3 ref. 169,Progress and challenges in self-healing composite materials,Shafiqul Islam; Gajanan Bhat,2021,Materials Advances,https://doi.org/10.1039/D0MA00873G,RS,2026-08-11,,
P044,Epoxy/PCL copolymer cured with cashew-nut-shell material,Composite,Shape-memory-assisted healing,Heat,80,Explicitly reported,4,93.7,Tensile Strength,12.52,N/A,Rigid,Structural/Composite,93.7% recovery,Requires 4 h at 80°C,Table 3 ref. 171,Progress and challenges in self-healing composite materials,Shafiqul Islam; Gajanan Bhat,2021,Materials Advances,https://doi.org/10.1039/D0MA00873G,RS,2026-08-11,,
P045,Boron-nitride/epoxy composite,Composite,Shape-memory-assisted healing,Heat,140,Explicitly reported,2,85,Tensile Strength,24,N/A,Rigid,Structural/Composite,High strength composite with healing,Requires elevated temperature,Curated research dataset,,,,,,,,
P046,Fe³⁺/PDA-ENR elastomer,Elastomer,Metal-Ligand Coordination,Autonomous (Room Temp),25,RT standardized to 25°C,24,90,Tensile Strength,2.5,N/A,Highly Flexible/Elastomeric,Sensors,Room-temperature dynamic coordination healing,Long healing time,Curated research dataset,,,,,,,,
P047,ENR-Zn/His-CNC blend,Elastomer,Metal-Ligand Coordination,Autonomous (Room Temp),25,RT standardized to 25°C,24,92,Tensile Strength,4.2,N/A,Highly Flexible/Elastomeric,Sensors,Dynamic zinc coordination network,Long healing time,Curated research dataset,,,,,,,,
P048,Zn–triazole/H-bond dual-dynamic polyisoprene,Elastomer,Hydrogen Bonding,Heat,60,Explicitly reported,2,88,Tensile Strength,6.1,N/A,Highly Flexible/Elastomeric,Wearable Electronics,Dual dynamic network with good recovery,Requires 60°C,Curated research dataset,,,,,,,,
P049,DA-crosslinked polysiloxane elastomer,Silicone/PDMS,Diels-Alder Reaction,Heat,80,Explicitly reported,1,90,Tensile Strength,2.8,N/A,Highly Flexible/Elastomeric,Soft Robotics,Fast Diels-Alder healing,Requires heat,Curated research dataset,,,,,,,,
P050,35 wt% graphene/DA-crosslinked polysiloxane nanocomposite,Composite,Diels-Alder Reaction,Heat,80,Explicitly reported,1,85,Tensile Strength,18,N/A,Semi-Flexible,Sensors,Graphene reinforcement improves strength,Requires heat,Curated research dataset,,,,,,,,
P051,Self-healing elastomer with reversible ionic bonds,Elastomer,Ionic Interaction,Autonomous (Room Temp),25,RT standardized to 25°C,24,80,Tensile Strength,3.2,N/A,Highly Flexible/Elastomeric,Wearable Electronics,Autonomous ionic healing,Moderate recovery,Curated research dataset,,,,,,,,
P052,Self-healing polyurethane with disulfide exchange,Polyurethane,Disulfide Exchange,Heat,60,Explicitly reported,2,94,Tensile Strength,10.5,N/A,Highly Flexible/Elastomeric,Coatings,High recovery at moderate temperature,Requires heat,Curated research dataset,,,,,,,,
P053,Self-healing epoxy with reversible hydrogen bonding,Epoxy,Hydrogen Bonding,Heat,70,Explicitly reported,3,82,Tensile Strength,22,N/A,Rigid,Structural/Composite,High strength,Requires elevated temperature,Curated research dataset,,,,,,,,
P054,Supramolecular polyurethane with UPy groups,Supramolecular Polymer,Hydrogen Bonding,Autonomous (Room Temp),25,RT standardized to 25°C,24,90,Tensile Strength,5.5,N/A,Highly Flexible/Elastomeric,Wearable Electronics,Strong quadruple hydrogen bonding,Long healing time,Curated research dataset,,,,,,,,
P055,Polyurethane with dynamic boronic ester bonds,Polyurethane,Boronic Ester Exchange,Heat,50,Explicitly reported,2,87,Tensile Strength,9.1,N/A,Highly Flexible/Elastomeric,Sensors,Dynamic covalent healing,Requires heat,Curated research dataset,,,,,,,,
P056,Polyurethane with diselenide bonds,Polyurethane,Diselenide Exchange,Heat,50,Explicitly reported,1,92,Tensile Strength,7.8,N/A,Highly Flexible/Elastomeric,Wearable Electronics,Fast exchange chemistry,Requires heat,Curated research dataset,,,,,,,,
P057,Polyurethane with reversible imine bonds,Polyurethane,Imine Exchange,Autonomous (Room Temp),25,RT standardized to 25°C,24,86,Tensile Strength,6.4,N/A,Highly Flexible/Elastomeric,Coatings,Room-temperature healing,Long healing time,Curated research dataset,,,,,,,,
P058,Polyurethane with reversible urea bonds,Polyurethane,Hydrogen Bonding,Heat,60,Explicitly reported,3,83,Tensile Strength,8.5,N/A,Highly Flexible/Elastomeric,Structural/Composite,Good strength and recovery,Requires heat,Curated research dataset,,,,,,,,
P059,Self-healing acrylic network,Other,Hydrogen Bonding,Light/UV,25,Ambient temperature,1,78,Tensile Strength,5.1,N/A,Semi-Flexible,Coatings,Light-triggered healing,Requires UV exposure,Curated research dataset,,,,,,,,
P060,Self-healing polyacrylate with host–guest interactions,Supramolecular Polymer,Host–Guest interaction,Autonomous (Room Temp),25,RT standardized to 25°C,12,84,Tensile Strength,4.8,N/A,Highly Flexible/Elastomeric,Soft Robotics,Host–guest reversible interactions,Moderate healing time,Curated research dataset,,,,,,,,
P061,Self-healing silicone with hydrogen-bonded filler,Silicone/PDMS,Hydrogen Bonding,Autonomous (Room Temp),25,RT standardized to 25°C,24,88,Tensile Strength,1.2,N/A,Highly Flexible/Elastomeric,Sensors,Flexible silicone platform,Long healing time,Curated research dataset,,,,,,,,
P062,Self-healing rubber with metal coordination,Elastomer,Metal-Ligand Coordination,Autonomous (Room Temp),25,RT standardized to 25°C,24,89,Tensile Strength,2.9,N/A,Highly Flexible/Elastomeric,Wearable Electronics,Reversible metal coordination,Long healing time,Curated research dataset,,,,,,,,
P063,Fe³⁺/PDA-ENR elastomer,Elastomer,Metal-Ligand Coordination,Autonomous (Room Temp),25,RT standardized to 25°C,24,90,Tensile Strength,2.5,N/A,Highly Flexible/Elastomeric,Sensors,Room-temperature dynamic coordination healing,Long healing time,Curated research dataset,,,,,,,,
P064,ENR-Zn/His-CNC blend,Elastomer,Metal-Ligand Coordination,Autonomous (Room Temp),25,RT standardized to 25°C,24,92,Tensile Strength,4.2,N/A,Highly Flexible/Elastomeric,Sensors,Dynamic zinc coordination network,Long healing time,Curated research dataset,,,,,,,,
P065,Zn–triazole/H-bond dual-dynamic polyisoprene,Elastomer,Hydrogen Bonding,Heat,60,Explicitly reported,2,88,Tensile Strength,6.1,N/A,Highly Flexible/Elastomeric,Wearable Electronics,Dual dynamic network with good recovery,Requires 60°C,Curated research dataset,,,,,,,,
P066,DA-crosslinked polysiloxane elastomer,Silicone/PDMS,Diels-Alder Reaction,Heat,80,Explicitly reported,1,90,Tensile Strength,2.8,N/A,Highly Flexible/Elastomeric,Soft Robotics,Fast Diels-Alder healing,Requires heat,Curated research dataset,,,,,,,,
P067,35 wt% graphene/DA-crosslinked polysiloxane nanocomposite,Composite,Diels-Alder Reaction,Heat,80,Explicitly reported,1,85,Tensile Strength,18,N/A,Semi-Flexible,Sensors,Graphene reinforcement improves strength,Requires heat,Curated research dataset,,,,,,,,
